Document Count,Term List Size
0,636
50,56436
100,160476
150,246096
200,289716
250,348696
300,409956
350,474036
400,486036
450,539196
500,566376
550,594996
600,619296
650,647256
700,674256
750,704856
800,729396
850,748836
900,776556
950,812736
1000,828396
1050,845436
1100,854916
1150,866316
1200,876876
1250,883956
1300,889296
1350,900876
1400,903936
1450,906276
1500,913536
1550,918696
1600,923256
1650,927876
1700,929976
1750,930276
1800,935136
1850,939696
1900,943056
1950,945576
2000,951516
2050,956736
2100,958236
2150,962316
2200,970056
2250,975876
2300,980496
2350,984036
2400,986976
2450,993876
2500,997296
2550,1003056
2600,1008996
2650,1017156
2700,1020696
2750,1039296
2800,1076856
2850,1091316
2900,1100376
2950,1106076
3000,1119276
3050,1125936
3100,1141116
3150,1147476
3200,1151976
3250,1157496
3300,1159776
3350,1166976
3400,1173516
3450,1176876
3500,1185036
3550,1193196
3600,1197756
3650,1203576
3700,1208376
3750,1210656
3800,1213896
3850,1217376
3900,1220736
3950,1226916
4000,1231956
4050,1235796
4100,1244736
4150,1253136
4200,1264836
4250,1276416
4300,1285056
4350,1295436
4400,1298016
4450,1303116
4500,1310136
4550,1315056
4600,1323096
4650,1331976
4700,1337616
4750,1345536
4800,1357416
4850,1364556
4900,1369896
4950,1374756
5000,1382016
5050,1384716
5100,1389936
5150,1393476
5200,1397556
5250,1402536
5300,1405776
5350,1412076
5400,1414716
5450,1417416
5500,1429236
5550,1432836
5600,1435476
5650,1439376
5700,1442316
5750,1445076
5800,1447896
5850,1452156
5900,1455816
5950,1460556
6000,1465356
6050,1470756
6100,1473156
6150,1480836
6200,1497816
6250,1502796
6300,1508736
6350,1529136
6400,1537596
6450,1542576
6500,1554756
6550,1562556
6600,1568916
6650,1581996
6700,1591716
6750,1606896
6800,1620636
6850,1649136
6900,1749636
6950,1759596
7000,1767156
7050,1772976
7100,1778436
7150,1786716
7200,1798596
7250,1803636
7300,1815876
7350,1824036
7400,1829916
7450,1838376
7500,1847256
7550,1862256
7600,1871676
7650,1876836
7700,1882476
7750,1893036
7800,1899636
7850,1905576
7900,1907496
7950,1909656
8000,1915596
8050,1922616
8100,1927536
8150,1932696
8200,1937376
8250,1943916
8300,1944996
8350,1953216
8400,1961856
8450,1970436
8500,1977036
8550,1990896
8600,2006496
8650,2018076
8700,2036196
8750,2045256
8800,2052156
8850,2061996
8900,2067336
8950,2077176
9000,2087436
9050,2093856
9100,2112396
9150,2129496
9200,2137896
9250,2146476
9300,2182596
9350,2182716
9400,2195436
9450,2209476
9500,2216976
9550,2224416
9600,2228496
9650,2232876
9700,2238696
9750,2242236
9800,2248116
9850,2252436
9900,2258256
9950,2266416
10000,2270616
10050,2273676
10100,2276496
10150,2276556
10200,2280036
10250,2282856
10300,2286276
10350,2291196
10400,2291196
10450,2297496
10500,2302296
10550,2305236
10600,2307156
10650,2309616
10700,2313336
10750,2314776
10800,2317896
10850,2321736
10900,2324436
10950,2328036
11000,2331696
11050,2334156
11100,2336796
11150,2340636
11200,2343276
11250,2345856
11300,2348616
11350,2351616
11400,2354076
11450,2355636
11500,2358876
11550,2361516
11600,2364576
11650,2368056
11700,2370996
11750,2373456
11800,2376456
11850,2379456
11900,2383056
11950,2386716
12000,2390496
12050,2395296
12100,2401716
12150,2403936
12200,2406876
12250,2408496
12300,2408616
12350,2416656
12400,2423736
12450,2430876
12500,2436516
12550,2440776
12600,2446956
12650,2453076
12700,2457996
12750,2462676
12800,2466336
12850,2474076
12900,2477856
12950,2482596
13000,2486016
13050,2487456
13100,2489196
13150,2491956
13200,2496396
13250,2499096
13300,2501256
13350,2504916
13400,2508696
13450,2516076
13500,2521476
13550,2528076
13600,2532816
13650,2534376
13700,2535876
13750,2536176
13800,2538816
13850,2541456
13900,2544276
13950,2548116
14000,2549976
14050,2551716
14100,2553996
14150,2555496
14200,2557116
14250,2558556
14300,2560476
14350,2564136
14400,2567196
14450,2568756
14500,2569836
14550,2572476
14600,2573676
14650,2575776
14700,2577336
14750,2578656
14800,2580096
14850,2581716
14900,2593836
14950,2599236
15000,2615196
15050,2626656
15100,2644896
15150,2651496
15200,2663496
15250,2672136
15300,2681976
15350,2691876
15400,2703936
15450,2716776
15500,2725716
15550,2740836
15600,2755596
15650,2769636
15700,2777436
15750,2786016
15800,2797416
15850,2812416
15900,2838756
15950,2849256
16000,2860536
16050,2870736
16100,2912796
16150,2918196
16200,2923296
16250,2931696
16300,2937336
16350,2941956
16400,2945136
16450,2949276
16500,2955096
16550,2964576
16600,2974596
16650,2982696
16700,2989296
16750,2999916
16800,3006336
16850,3008256
16900,3008976
16950,3009876
17000,3010176
17050,3010176
17100,3010236
17150,3010296
17200,3010296
17250,3010296
17300,3010296
17350,3010296
17400,3011976
17450,3015756
17500,3017676
17550,3020316
17600,3021756
17650,3022416
17700,3024156
17750,3026556
17800,3028836
17850,3029436
17900,3030816
17950,3031956
18000,3032676
18050,3035196
18100,3038316
18150,3039876
18200,3041496
18250,3042516
18300,3044016
18350,3045996
18400,3047676
18450,3049836
18500,3050976
18550,3051696
18600,3054396
18650,3055836
18700,3056676
18750,3059316
18800,3061416
18850,3062196
18900,3063036
18950,3065256
19000,3067476
19050,3068736
19100,3071556
19150,3074556
19200,3075156
19250,3078696
19300,3080196
19350,3082476
19400,3085356
19450,3089556
19500,3090876
19550,3092436
19600,3095196
19650,3096036
19700,3097296
19750,3098976
19800,3099696
19850,3100296
19900,3102096
19950,3102936
20000,3104616
20050,3107016
20100,3109236
20150,3112476
20200,3113376
20250,3115416
20300,3116256
20350,3117816
20400,3119256
20450,3120576
20500,3121296
20550,3123816
20600,3126216
20650,3126996
20700,3127956
20750,3129396
20800,3131556
20850,3132216
20900,3132876
20950,3134136
21000,3135036
21050,3136956
21100,3138756
21150,3140796
21200,3143076
21250,3145716
21300,3148536
21350,3150036
21400,3152076
21450,3153636
21500,3156756
21550,3158316
21600,3159576
21650,3160596
21700,3162696
21750,3164976
21800,3167256
21850,3169896
21900,3173076
21950,3173976
22000,3175236
22050,3176976
22100,3179316
22150,3179976
22200,3180576
22250,3181116
22300,3185076
22350,3187776
22400,3190356
22450,3191976
22500,3194016
22550,3195456
22600,3196116
22650,3197496
22700,3199536
22750,3200076
22800,3200916
22850,3204696
22900,3205176
22950,3207876
23000,3209496
23050,3211416
23100,3213336
23150,3213996
23200,3214116
23250,3215136
23300,3216096
23350,3217116
23400,3217956
23450,3218556
23500,3218916
23550,3223356
23600,3225156
23650,3227196
23700,3229776
23750,3233976
23800,3236616
23850,3238056
23900,3241296
23950,3242616
24000,3243276
24050,3248256
24100,3250296
24150,3251556
24200,3253356
24250,3254436
24300,3256056
24350,3257976
24400,3260316
24450,3261396
24500,3262356
24550,3262776
24600,3263856
24650,3264696
24700,3266496
24750,3269496
24800,3270576
24850,3273156
24900,3275316
24950,3276156
25000,3277536
25050,3279576
25100,3280776
25150,3283356
25200,3284796
25250,3285456
25300,3286116
25350,3288696
25400,3289956
25450,3291456
25500,3294156
25550,3296436
25600,3298236
25650,3298776
25700,3299556
25750,3301056
25800,3302076
25850,3302616
25900,3303156
25950,3304176
26000,3306636
26050,3307776
26100,3308676
26150,3309516
26200,3310656
26250,3312936
26300,3314856
26350,3316236
26400,3316836
26450,3318036
26500,3319656
26550,3320976
26600,3322356
26650,3324156
26700,3325416
26750,3325656
26800,3326736
26850,3327936
26900,3330336
26950,3331296
27000,3331896
27050,3333576
27100,3335976
27150,3337836
27200,3341496
27250,3342996
27300,3345696
27350,3347076
27400,3350076
27450,3352356
27500,3353856
27550,3354996
27600,3355776
27650,3356376
27700,3358176
27750,3359556
27800,3361536
27850,3363216
27900,3364236
27950,3366516
28000,3368016
28050,3368976
28100,3371256
28150,3373716
28200,3375336
28250,3376116
28300,3376596
28350,3377076
28400,3379116
28450,3381576
28500,3382176
28550,3383376
28600,3384336
28650,3385716
28700,3387936
28750,3389796
28800,3391056
28850,3392616
28900,3395976
28950,3399396
29000,3400776
29050,3403236
29100,3404736
29150,3404856
29200,3412536
29250,3419856
29300,3426996
29350,3431196
29400,3434436
29450,3438096
29500,3444216
29550,3451596
29600,3456996
29650,3460416
29700,3464796
29750,3468936
29800,3474756
29850,3478236
29900,3481476
29950,3484056
30000,3488016
30050,3491796
30100,3494796
30150,3496836
30200,3499476
30250,3503076
30300,3504816
30350,3508176
30400,3508356
30450,3514356
30500,3519396
30550,3521856
30600,3524496
30650,3528216
30700,3530556
30750,3531696
30800,3535116
30850,3539316
30900,3542856
30950,3546216
31000,3549456
31050,3552756
31100,3555336
31150,3557076
31200,3560256
31250,3563916
31300,3566376
31350,3568596
31400,3572256
31450,3574896
31500,3576756
31550,3577716
31600,3578136
31650,3579456
31700,3580536
31750,3584436
31800,3589776
31850,3599976
31900,3609336
31950,3618876
32000,3628776
32050,3638436
32100,3644136
32150,3649116
32200,3653376
32250,3656676
32300,3659136
32350,3666456
32400,3678996
32450,3690096
32500,3699756
32550,3707856
32600,3713496
32650,3726396
32700,3734556
32750,3741156
32800,3746676
32850,3757176
32900,3761436
32950,3764556
33000,3773496
33050,3779736
33100,3784956
33150,3792036
33200,3797556
33250,3800916
33300,3808056
33350,3817956
33400,3825636
33450,3832716
33500,3840636
33550,3844056
33600,3850236
33650,3860376
33700,3867096
33750,3875136
33800,3885756
33850,3889476
33900,3896676
33950,3902136
34000,3906636
34050,3912396
34100,3915816
34150,3920616
34200,3925776
34250,3932736
34300,3939636
34350,3946176
34400,3950676
34450,3951096
34500,3953076
34550,3953376
34600,3953976
34650,3957336
34700,3964116
34750,3965256
34800,3967596
34850,3969696
34900,3971076
34950,3973656
35000,3975936
35050,3977376
35100,3979236
35150,3980616
35200,3983736
35250,3985296
35300,3986616
35350,3987876
35400,3989436
35450,3990456
35500,3992316
35550,3994176
35600,3995496
35650,3997416
35700,3998976
35750,4000176
35800,4002336
35850,4004856
35900,4006536
35950,4008396
36000,4009956
36050,4011936
36100,4013976
36150,4016076
36200,4017816
36250,4019736
36300,4021176
36350,4023396
36400,4024716
36450,4025376
36500,4028196
36550,4030236
36600,4032396
36650,4035336
36700,4036836
36750,4040496
36800,4043736
36850,4046676
36900,4050036
36950,4053936
37000,4056816
37050,4058916
37100,4061676
37150,4063716
37200,4066116
37250,4067976
37300,4070556
37350,4072656
37400,4075716
37450,4076736
37500,4079556
37550,4082676
37600,4084956
37650,4089276
37700,4090716
37750,4092756
37800,4094976
37850,4096896
37900,4099356
37950,4100856
38000,4103256
38050,4105476
38100,4107696
38150,4112856
38200,4116936
38250,4118496
38300,4119996
38350,4122696
38400,4125696
38450,4128756
38500,4133136
38550,4138416
38600,4140636
38650,4140756
38700,4142256
38750,4144356
38800,4145136
38850,4146456
38900,4147176
38950,4147956
39000,4149336
39050,4150056
39100,4151916
39150,4153296
39200,4155216
39250,4156536
39300,4157916
39350,4158816
39400,4160076
39450,4160736
39500,4161696
39550,4163796
39600,4164876
39650,4166916
39700,4168236
39750,4170276
39800,4171116
39850,4171416
39900,4172556
39950,4173696
40000,4174956
40050,4176156
40100,4177416
40150,4178916
40200,4179396
40250,4180056
40300,4181016
40350,4181196
40400,4182696
40450,4183236
40500,4184556
40550,4185276
40600,4187496
40650,4187976
40700,4188756
40750,4189476
40800,4190856
40850,4191396
40900,4191996
40950,4192236
41000,4193256
41050,4194396
41100,4195236
41150,4196616
41200,4197276
41250,4197636
41300,4200636
41350,4203756
41400,4206276
41450,4208496
41500,4210296
41550,4213356
41600,4215576
41650,4217676
41700,4219536
41750,4221816
41800,4223136
41850,4225056
41900,4225896
41950,4227036
42000,4228176
42050,4228896
42100,4229556
42150,4230456
42200,4231236
42250,4231836
42300,4233396
42350,4234416
42400,4235736
42450,4237896
42500,4239096
42550,4239756
42600,4241736
42650,4242636
42700,4243236
42750,4246056
42800,4246596
42850,4247316
42900,4247736
42950,4250136
43000,4250976
43050,4251396
43100,4252476
43150,4252956
43200,4253736
43250,4253856
43300,4254576
43350,4255716
43400,4256136
43450,4256856
43500,4258776
43550,4259556
43600,4260876
43650,4261656
43700,4263456
43750,4263816
43800,4264356
43850,4265736
43900,4267296
43950,4268856
44000,4269396
44050,4269996
44100,4270536
44150,4270896
44200,4271976
44250,4272576
44300,4273296
44350,4274196
44400,4274316
44450,4275036
44500,4276296
44550,4277496
44600,4278336
44650,4278936
44700,4280316
44750,4280496
44800,4281336
44850,4281996
44900,4283256
44950,4284096
45000,4284516
45050,4285416
45100,4285836
45150,4286316
45200,4286916
45250,4290456
45300,4291776
45350,4292496
45400,4293456
45450,4294536
45500,4295316
45550,4295976
45600,4296816
45650,4297716
45700,4298076
45750,4298496
45800,4298796
45850,4299756
45900,4300896
45950,4302456
46000,4303836
46050,4304856
46100,4305576
46150,4306656
46200,4307676
46250,4309176
46300,4310436
46350,4311576
46400,4313376
46450,4313736
46500,4314396
46550,4315716
46600,4316916
46650,4317336
46700,4317996
46750,4318956
46800,4319256
46850,4320096
46900,4320636
46950,4321176
47000,4322256
47050,4323096
47100,4323876
47150,4325256
47200,4326336
47250,4327896
47300,4328496
47350,4330116
47400,4331676
47450,4332156
47500,4333356
47550,4333956
47600,4335696
47650,4336956
47700,4338756
47750,4340196
47800,4341156
47850,4343556
47900,4346616
47950,4347396
48000,4348596
48050,4349496
48100,4350276
48150,4352316
48200,4353396
48250,4355556
48300,4356996
48350,4358136
48400,4359156
48450,4361256
48500,4361796
48550,4364196
48600,4364676
48650,4366656
48700,4368816
48750,4369596
48800,4371036
48850,4372176
48900,4372476
48950,4374276
49000,4376736
49050,4378596
49100,4379616
49150,4380936
49200,4381356
49250,4382316
49300,4384296
49350,4384836
49400,4385796
49450,4386876
49500,4387776
49550,4389276
49600,4391376
49650,4392996
49700,4395096
49750,4395996
49800,4396476
49850,4397016
49900,4399776
49950,4400856
50000,4403136
50050,4404516
50100,4404936
50150,4407036
50200,4407936
50250,4408896
50300,4410336
50350,4411356
50400,4412616
50450,4414176
50500,4416936
50550,4417296
50600,4418496
50650,4420056
50700,4421436
50750,4422336
50800,4422756
50850,4423656
50900,4425936
50950,4426956
51000,4428036
51050,4430016
51100,4430616
51150,4431216
51200,4433136
51250,4434816
51300,4435716
51350,4437216
51400,4438356
51450,4438476
51500,4439856
51550,4441776
51600,4442616
51650,4443696
51700,4444896
51750,4445976
51800,4446816
51850,4447476
51900,4448016
51950,4449516
52000,4452816
52050,4454916
52100,4455576
52150,4457496
52200,4460136
52250,4464456
52300,4467696
52350,4468656
52400,4469256
52450,4470756
52500,4472196
52550,4473456
52600,4476636
52650,4478436
52700,4479516
52750,4481856
52800,4484256
52850,4486536
52900,4488996
52950,4490376
53000,4491396
53050,4492716
53100,4493796
53150,4494276
53200,4494636
53250,4496076
53300,4496736
53350,4497396
53400,4498476
53450,4499016
53500,4499676
53550,4500816
53600,4502376
53650,4503096
53700,4503336
53750,4503876
53800,4504656
53850,4507056
53900,4508076
53950,4508976
54000,4509756
54050,4510596
54100,4511136
54150,4511616
54200,4512396
54250,4513596
54300,4514796
54350,4516356
54400,4517076
54450,4518456
54500,4519176
54550,4519836
54600,4520016
54650,4520916
54700,4522296
54750,4522656
54800,4523376
54850,4524156
54900,4524336
54950,4524636
55000,4524756
55050,4525296
55100,4526496
55150,4527096
55200,4527516
55250,4528476
55300,4528956
55350,4529016
55400,4529556
55450,4530096
55500,4530336
55550,4530636
55600,4530996
55650,4531176
55700,4531716
55750,4532136
55800,4532796
55850,4533276
55900,4534776
55950,4536756
56000,4538256
56050,4539036
56100,4539216
56150,4539576
56200,4539756
56250,4540476
56300,4541856
56350,4542696
56400,4543176
56450,4544256
56500,4544856
56550,4545456
56600,4545876
56650,4546356
56700,4546956
56750,4548096
56800,4549296
56850,4550916
56900,4552236
56950,4553976
57000,4556016
57050,4557456
57100,4557996
57150,4558836
57200,4559316
57250,4560276
57300,4560936
57350,4561956
57400,4563516
57450,4564356
57500,4566216
57550,4566636
57600,4567596
57650,4568136
57700,4568496
57750,4569216
57800,4569756
57850,4569756
57900,4570296
57950,4570776
58000,4570896
58050,4571376
58100,4571676
58150,4571976
58200,4572276
58250,4572756
58300,4572936
58350,4573356
58400,4573656
58450,4573836
58500,4574436
58550,4575276
58600,4576956
58650,4577856
58700,4577976
58750,4578336
58800,4579896
58850,4580196
58900,4580916
58950,4582416
59000,4583316
59050,4584336
59100,4585356
59150,4587516
59200,4589256
59250,4590096
59300,4590516
59350,4590876
59400,4592076
59450,4593036
59500,4593696
59550,4594836
59600,4596096
59650,4596516
59700,4596996
59750,4597536
59800,4598136
59850,4598796
59900,4599576
59950,4600536
60000,4600956
60050,4601256
60100,4602096
60150,4602276
60200,4602996
60250,4603716
60300,4605276
60350,4606356
60400,4608996
60450,4609836
60500,4610736
60550,4613556
60600,4614216
60650,4614816
60700,4615296
60750,4616016
60800,4616616
60850,4617576
60900,4618356
60950,4618776
61000,4619796
61050,4621176
61100,4623036
61150,4623936
61200,4625676
61250,4627416
61300,4628496
61350,4629276
61400,4630356
61450,4631196
61500,4631916
61550,4633776
61600,4635216
61650,4635696
61700,4637736
61750,4638216
61800,4639176
61850,4640076
61900,4640916
61950,4641636
62000,4641996
62050,4642596
62100,4643676
62150,4644216
62200,4644576
62250,4644636
62300,4644696
62350,4645056
62400,4646136
62450,4646616
62500,4647576
62550,4648716
62600,4649196
62650,4649616
62700,4650276
62750,4650996
62800,4651296
62850,4652076
62900,4652736
62950,4653396
63000,4654116
63050,4656096
63100,4657056
63150,4659516
63200,4660296
63250,4660476
63300,4661556
63350,4662756
63400,4663296
63450,4664856
63500,4665816
63550,4666296
63600,4666836
63650,4666956
63700,4667316
63750,4667796
63800,4668036
63850,4669536
63900,4670676
63950,4671156
64000,4671816
64050,4672896
64100,4674876
64150,4676196
64200,4677036
64250,4678116
64300,4678956
64350,4679976
64400,4681356
64450,4681956
64500,4682916
64550,4683516
64600,4684116
64650,4684356
64700,4685136
64750,4686516
64800,4687176
64850,4687836
64900,4689036
64950,4689756
65000,4690176
65050,4691556
65100,4692636
65150,4694076
65200,4694976
65250,4697256
65300,4698396
65350,4699056
65400,4700616
65450,4701696
65500,4702836
65550,4703616
65600,4704396
65650,4704816
65700,4705176
65750,4706016
65800,4706616
65850,4706916
65900,4707576
65950,4708116
66000,4708596
66050,4708956
66100,4709436
66150,4710096
66200,4710216
66250,4711176
66300,4711356
66350,4711716
66400,4712196
66450,4712496
66500,4712676
66550,4713216
66600,4713396
66650,4713756
66700,4714236
66750,4714716
66800,4715136
66850,4715316
66900,4716036
66950,4717356
67000,4718436
67050,4719876
67100,4721376
67150,4722336
67200,4723536
67250,4724136
67300,4724796
67350,4725336
67400,4725336
67450,4725996
67500,4726896
67550,4727556
67600,4727916
67650,4728696
67700,4729296
67750,4730076
67800,4730196
67850,4730616
67900,4731036
67950,4731636
68000,4731996
68050,4732356
68100,4732596
68150,4732956
68200,4733076
68250,4733316
68300,4733796
68350,4735836
68400,4736496
68450,4737696
68500,4738596
68550,4739556
68600,4739856
68650,4740816
68700,4741536
68750,4742076
68800,4743276
68850,4743816
68900,4744416
68950,4744836
69000,4745496
69050,4746156
69100,4746336
69150,4746696
69200,4748196
69250,4749096
69300,4749936
69350,4751556
69400,4752696
69450,4753056
69500,4754256
69550,4755336
69600,4755816
69650,4756476
69700,4756836
69750,4757076
69800,4757436
69850,4757916
69900,4759416
69950,4760316
70000,4760436
70050,4760736
70100,4761336
70150,4762236
70200,4762836
70250,4763196
70300,4763376
70350,4763856
70400,4764216
70450,4764456
70500,4764876
70550,4765056
70600,4765296
70650,4765476
70700,4765956
70750,4766556
70800,4766856
70850,4767456
70900,4768536
70950,4768896
71000,4769376
71050,4769976
71100,4770576
71150,4771056
71200,4771476
71250,4771956
71300,4772196
71350,4772196
71400,4772196
71450,4772196
71500,4772196
71550,4772196
71600,4772196
71650,4772196
71700,4772196
71750,4772196
71800,4772196
71850,4772196
71900,4772196
71950,4772196
72000,4772196
72050,4772196
72100,4772196
72150,4772196
72200,4772196
72250,4772196
72300,4772196
72350,4772196
72400,4773636
72450,4774656
72500,4775496
72550,4776036
72600,4776996
72650,4777356
72700,4777656
72750,4778196
72800,4778616
72850,4779756
72900,4780956
72950,4781376
73000,4782036
73050,4782756
73100,4783116
73150,4783476
73200,4783896
73250,4784196
73300,4784436
73350,4784796
73400,4784916
73450,4784976
73500,4785396
73550,4786476
73600,4787676
73650,4788996
73700,4789416
73750,4789836
73800,4790316
73850,4791276
73900,4792296
73950,4792896
74000,4793496
74050,4794036
74100,4796316
74150,4797516
74200,4798596
74250,4799196
74300,4800096
74350,4800456
74400,4800636
74450,4800756
74500,4801296
74550,4801416
74600,4801776
74650,4802076
74700,4802856
74750,4803096
74800,4803276
74850,4803396
74900,4803936
74950,4804356
75000,4805616
75050,4807416
75100,4807716
75150,4808196
75200,4808976
75250,4809456
75300,4810536
75350,4811196
75400,4811556
75450,4812336
75500,4813296
75550,4814016
75600,4814496
75650,4815036
75700,4815516
75750,4816416
75800,4817316
75850,4818456
75900,4818816
75950,4819236
76000,4819536
76050,4820856
76100,4821396
76150,4821756
76200,4821936
76250,4822356
76300,4825356
76350,4827036
76400,4827636
76450,4829496
76500,4830336
76550,4831176
76600,4831656
76650,4832436
76700,4833456
76750,4834896
76800,4835436
76850,4835856
76900,4836516
76950,4836936
77000,4837176
77050,4838076
77100,4839156
77150,4839276
77200,4839336
77250,4840356
77300,4840656
77350,4842036
77400,4842276
77450,4843356
77500,4844136
77550,4844496
77600,4845276
77650,4845636
77700,4846176
77750,4847016
77800,4847496
77850,4847916
77900,4848216
77950,4849116
78000,4849596
78050,4849956
78100,4850676
78150,4850856
78200,4851216
78250,4851516
78300,4851876
78350,4852536
78400,4852656
78450,4853616
78500,4854456
78550,4854936
78600,4855716
78650,4855956
78700,4856136
78750,4856316
78800,4856436
78850,4856556
78900,4856916
78950,4857036
79000,4857336
79050,4857996
79100,4858296
79150,4859136
79200,4859316
79250,4859856
79300,4860096
79350,4860156
79400,4860696
79450,4860936
79500,4860936
79550,4861236
79600,4861836
79650,4863996
79700,4866216
79750,4866516
79800,4866996
79850,4867116
79900,4867836
79950,4868076
80000,4869036
80050,4869156
80100,4870776
80150,4872216
80200,4872396
80250,4872816
80300,4872876
80350,4873176
80400,4874076
80450,4874796
80500,4876536
80550,4876836
80600,4877196
80650,4878336
80700,4880136
80750,4881756
80800,4883436
80850,4884036
80900,4885236
80950,4886196
81000,4886736
81050,4887636
81100,4888956
81150,4890036
81200,4891416
81250,4892136
81300,4892616
81350,4893876
81400,4894536
81450,4895196
81500,4896096
81550,4896696
81600,4898676
81650,4901796
81700,4903356
81750,4905936
81800,4907796
81850,4910136
81900,4912236
81950,4913736
82000,4915776
82050,4917996
82100,4919856
82150,4925556
82200,4929936
82250,4930056
82300,4931196
82350,4932696
82400,4935516
82450,4935936
82500,4936536
82550,4936896
82600,4937316
82650,4937736
82700,4938336
82750,4939116
82800,4939776
82850,4940796
82900,4941216
82950,4941696
83000,4942056
83050,4942356
83100,4943196
83150,4944876
83200,4949076
83250,4951896
83300,4955676
83350,4956876
83400,4962636
83450,4965696
83500,4970496
83550,4973616
83600,4978716
83650,4983816
83700,4987716
83750,4989156
83800,4993296
83850,4998036
83900,4998096
83950,4998936
84000,5002716
84050,5005356
84100,5006916
84150,5010036
84200,5011956
84250,5013996
84300,5016156
84350,5018136
84400,5021436
84450,5023836
84500,5027016
84550,5028396
84600,5031456
84650,5032656
84700,5035476
84750,5037816
84800,5039136
84850,5040936
84900,5042916
84950,5043696
85000,5046036
85050,5047596
85100,5048256
85150,5049696
85200,5051016
85250,5051496
85300,5052816
85350,5054616
85400,5055696
85450,5056296
85500,5057676
85550,5058876
85600,5059716
85650,5061516
85700,5062356
85750,5063196
85800,5064096
85850,5065236
85900,5066856
85950,5067636
86000,5069496
86050,5070036
86100,5070696
86150,5071596
86200,5072436
86250,5073156
86300,5075256
86350,5076816
86400,5077776
86450,5079516
86500,5082696
86550,5083476
86600,5083956
86650,5086956
86700,5088396
86750,5089836
86800,5090016
86850,5091456
86900,5092656
86950,5093556
87000,5094456
87050,5095956
87100,5096796
87150,5099556
87200,5100936
87250,5102196
87300,5102856
87350,5104476
87400,5104836
87450,5105556
87500,5106336
87550,5107536
87600,5108856
87650,5111316
87700,5112396
87750,5113776
87800,5114736
87850,5115336
87900,5116536
87950,5117436
88000,5118096
88050,5118996
88100,5119776
88150,5121576
88200,5123016
88250,5123916
88300,5126256
88350,5127216
88400,5128416
88450,5129076
88500,5130456
88550,5131596
88600,5132856
88650,5134176
88700,5135256
88750,5136216
88800,5136756
88850,5138016
88900,5140356
88950,5140896
89000,5142156
89050,5142756
89100,5143836
89150,5144616
89200,5144976
89250,5145516
89300,5146416
89350,5146716
89400,5147316
89450,5148216
89500,5148636
89550,5149776
89600,5150136
89650,5151996
89700,5153016
89750,5156316
89800,5157396
89850,5159196
89900,5159976
89950,5162316
90000,5163396
90050,5164236
90100,5165076
90150,5166456
90200,5167716
90250,5168016
90300,5168916
90350,5169576
90400,5170176
90450,5170716
90500,5171736
90550,5172816
90600,5173236
90650,5174016
90700,5174856
90750,5175456
90800,5175876
90850,5176416
90900,5176776
90950,5177556
91000,5178336
91050,5178636
91100,5179176
91150,5179656
91200,5179956
91250,5180676
91300,5181036
91350,5181456
91400,5181936
91450,5182296
91500,5183016
91550,5183916
91600,5184876
91650,5185956
91700,5187156
91750,5187876
91800,5188716
91850,5188776
91900,5193636
91950,5196216
92000,5199456
92050,5201976
92100,5203176
92150,5205996
92200,5213136
92250,5218476
92300,5221716
92350,5223816
92400,5225376
92450,5226936
92500,5228676
92550,5229996
92600,5234436
92650,5236596
92700,5237856
92750,5238876
92800,5240916
92850,5243256
92900,5245056
92950,5246616
93000,5248296
93050,5249256
93100,5250696
93150,5252196
93200,5254476
93250,5256336
93300,5260116
93350,5263536
93400,5266416
93450,5267376
93500,5269176
93550,5270796
93600,5272776
93650,5274396
93700,5277216
93750,5278356
93800,5280336
93850,5282796
93900,5286516
93950,5289276
94000,5292396
94050,5293116
94100,5293116
94150,5294616
94200,5297856
94250,5299596
94300,5302896
94350,5305356
94400,5307876
94450,5308896
94500,5309976
94550,5311116
94600,5311656
94650,5312376
94700,5313456
94750,5314596
94800,5316156
94850,5316936
94900,5319036
94950,5319696
95000,5322276
95050,5323776
95100,5325396
95150,5327376
95200,5330256
95250,5332056
95300,5332956
95350,5334576
95400,5337756
95450,5339316
95500,5342916
95550,5345796
95600,5347716
95650,5349636
95700,5350956
95750,5353716
95800,5356056
95850,5357496
95900,5360436
95950,5361636
96000,5362476
96050,5366256
96100,5368176
96150,5370036
96200,5371476
96250,5372736
96300,5373936
96350,5376276
96400,5376636
96450,5378496
96500,5379396
96550,5382276
96600,5383656
96650,5385336
96700,5387196
96750,5388216
96800,5388996
96850,5389476
96900,5390316
96950,5392536
97000,5393676
97050,5399676
97100,5402676
97150,5403816
97200,5405256
97250,5409816
97300,5410116
97350,5411676
97400,5414136
97450,5417016
97500,5418396
97550,5419656
97600,5420796
97650,5421036
97700,5422116
97750,5423496
97800,5424456
97850,5428536
97900,5430096
97950,5431656
98000,5433036
98050,5433936
98100,5434656
98150,5434956
98200,5435256
98250,5435556
98300,5436156
98350,5436936
98400,5437236
98450,5437776
98500,5438676
98550,5439876
98600,5441076
98650,5441796
98700,5442876
98750,5443296
98800,5443356
98850,5443956
98900,5444496
98950,5445396
99000,5445816
99050,5446536
99100,5447376
99150,5447916
99200,5448396
99250,5448996
99300,5449896
99350,5450856
99400,5451576
99450,5452056
99500,5452776
99550,5453496
99600,5453916
99650,5454396
99700,5455476
99750,5455776
99800,5456196
99850,5456496
99900,5457096
99950,5457696
100000,5457936
100050,5458596
100100,5459376
100150,5459796
100200,5460816
100250,5461956
100300,5462376
100350,5462796
100400,5463816
100450,5463816
100500,5463936
100550,5464236
100600,5464476
100650,5464656
100700,5464956
100750,5465016
100800,5465076
100850,5465196
100900,5465556
100950,5465796
101000,5466096
101050,5466456
101100,5466636
101150,5467056
101200,5467776
101250,5468736
101300,5468976
101350,5469576
101400,5469576
101450,5469996
101500,5470416
101550,5470656
101600,5471556
101650,5471856
101700,5472516
101750,5473356
101800,5473836
101850,5474616
101900,5475216
101950,5475636
102000,5476416
102050,5476656
102100,5477136
102150,5477676
102200,5478096
102250,5478336
102300,5478516
102350,5479296
102400,5479956
102450,5480496
102500,5481036
102550,5481396
102600,5481576
102650,5481756
102700,5482536
102750,5482956
102800,5483256
102850,5483436
102900,5483436
102950,5484036
103000,5484576
103050,5484696
103100,5484996
103150,5485056
103200,5485356
103250,5485836
103300,5486316
103350,5486316
103400,5486436
103450,5486676
103500,5486736
103550,5486856
103600,5487096
103650,5487696
103700,5487816
103750,5487876
103800,5488056
103850,5488176
103900,5488296
103950,5488596
104000,5488836
104050,5489016
104100,5489196
104150,5489616
104200,5489916
104250,5490336
104300,5490516
104350,5490696
104400,5490996
104450,5490996
104500,5491176
104550,5492016
104600,5492736
104650,5493036
104700,5493696
104750,5494356
104800,5494476
104850,5494656
104900,5494836
104950,5495136
105000,5495496
105050,5495736
105100,5496036
105150,5496456
105200,5496816
105250,5497116
105300,5497656
105350,5497656
105400,5497896
105450,5498256
105500,5498556
105550,5498736
105600,5498856
105650,5498976
105700,5498976
105750,5499276
105800,5499276
105850,5499696
105900,5499936
105950,5500116
106000,5500536
106050,5500716
106100,5501016
106150,5501076
106200,5501556
106250,5501856
106300,5502276
106350,5502696
106400,5503056
106450,5503596
106500,5504196
106550,5504676
106600,5505156
106650,5505336
106700,5505816
106750,5506296
106800,5506716
106850,5507196
106900,5507556
106950,5508636
107000,5509716
107050,5510016
107100,5510256
107150,5510496
107200,5510736
107250,5510976
107300,5511216
107350,5511696
107400,5511816
107450,5511996
107500,5512176
107550,5512656
107600,5512716
107650,5513196
107700,5513856
107750,5514636
107800,5515236
107850,5515536
107900,5515836
107950,5516076
108000,5516556
108050,5518356
108100,5523336
108150,5526456
108200,5528676
108250,5531256
108300,5531496
108350,5534436
108400,5538876
108450,5541216
108500,5545416
108550,5548656
108600,5552076
108650,5555376
108700,5556096
108750,5558136
108800,5561316
108850,5562936
108900,5566776
108950,5568756
109000,5570976
109050,5573976
109100,5576136
109150,5578776
109200,5581896
109250,5583816
109300,5585676
109350,5586996
109400,5588136
109450,5590656
109500,5595216
109550,5598756
109600,5601816
109650,5604816
109700,5607516
109750,5609316
109800,5611956
109850,5615856
109900,5617356
109950,5617536
110000,5620356
110050,5622756
110100,5625516
110150,5627856
110200,5630856
110250,5631756
110300,5632716
110350,5634816
110400,5635956
110450,5636856
110500,5639556
110550,5641236
110600,5642916
110650,5643816
110700,5645136
110750,5645976
110800,5647536
110850,5651196
110900,5654436
110950,5655876
111000,5658096
111050,5660136
111100,5661096
111150,5662056
111200,5663256
111250,5664396
111300,5665596
111350,5667096
111400,5668776
111450,5670216
111500,5671416
111550,5671716
111600,5676156
111650,5678376
111700,5678376
111750,5678616
111800,5678856
111850,5679816
111900,5680296
111950,5680716
112000,5681316
112050,5681616
112100,5681976
112150,5682396
112200,5683056
112250,5683836
112300,5684856
112350,5685696
112400,5686236
112450,5686776
112500,5687256
112550,5687496
112600,5687616
112650,5687796
112700,5688156
112750,5688636
112800,5689176
112850,5689896
112900,5690376
112950,5690916
113000,5692596
113050,5693136
113100,5693736
113150,5694036
113200,5694936
113250,5695416
113300,5696196
113350,5697096
113400,5697756
113450,5698116
113500,5698476
113550,5698896
113600,5699136
113650,5699736
113700,5700216
113750,5700576
113800,5700936
113850,5701116
113900,5701476
113950,5701836
114000,5702196
114050,5702556
114100,5702556
114150,5702796
114200,5704116
114250,5705496
114300,5706516
114350,5707476
114400,5707716
114450,5707776
114500,5708316
114550,5709996
114600,5712156
114650,5714316
114700,5716236
114750,5717616
114800,5719836
114850,5721516
114900,5723556
114950,5724216
115000,5726136
115050,5727996
115100,5728896
115150,5729316
115200,5730216
115250,5732616
115300,5734236
115350,5735676
115400,5738796
115450,5740656
115500,5741316
115550,5741916
115600,5742216
115650,5743476
115700,5744436
115750,5745876
115800,5747676
115850,5749836
115900,5751156
115950,5752716
116000,5753976
116050,5755956
116100,5757096
116150,5758476
116200,5759856
116250,5761716
116300,5763696
116350,5764896
116400,5765316
116450,5766456
116500,5767236
116550,5768436
116600,5769696
116650,5770776
116700,5773176
116750,5774256
116800,5774676
116850,5775216
116900,5776836
116950,5778036
117000,5779116
117050,5780256
117100,5781276
117150,5782296
117200,5783556
117250,5784216
117300,5786856
117350,5787336
117400,5788356
117450,5789556
117500,5790636
117550,5792436
117600,5794236
117650,5795496
117700,5795736
117750,5796456
117800,5797236
117850,5797776
117900,5799216
117950,5800536
118000,5802876
118050,5804376
118100,5805036
118150,5805876
118200,5806836
118250,5808456
118300,5809596
118350,5810196
118400,5810376
118450,5810796
118500,5816136
118550,5818656
118600,5826936
118650,5836836
118700,5843496
118750,5850936
118800,5858556
118850,5864316
118900,5867976
118950,5877516
119000,5880936
119050,5886636
119100,5890776
119150,5894136
119200,5897976
119250,5903136
119300,5903196
119350,5904276
119400,5905416
119450,5907216
119500,5908776
119550,5909616
119600,5910756
119650,5912796
119700,5913576
119750,5914896
119800,5916336
119850,5918556
119900,5919396
119950,5920716
120000,5921196
120050,5921376
120100,5922276
120150,5924016
120200,5925036
120250,5925876
120300,5927556
120350,5928216
120400,5930316
120450,5932176
120500,5933376
120550,5933916
120600,5935176
120650,5936316
120700,5937036
120750,5937936
120800,5939556
120850,5940336
120900,5941356
120950,5942316
121000,5943336
121050,5944776
121100,5946336
121150,5946876
121200,5948076
121250,5948976
121300,5950176
121350,5951316
121400,5952696
121450,5953836
121500,5954376
121550,5954916
121600,5956116
121650,5957196
121700,5957316
121750,5960616
121800,5963556
121850,5963736
121900,5964276
121950,5964396
122000,5964816
122050,5964936
122100,5965356
122150,5965596
122200,5966976
122250,5967756
122300,5969256
122350,5970216
122400,5970996
122450,5971416
122500,5972316
122550,5973696
122600,5974116
122650,5974536
122700,5974716
122750,5975376
122800,5976156
122850,5976516
122900,5976696
122950,5977536
123000,5978316
123050,5978676
123100,5980176
123150,5981316
123200,5982336
123250,5982876
123300,5984076
123350,5984496
123400,5984556
123450,5985096
123500,5985456
123550,5985816
123600,5985936
123650,5986296
123700,5986416
123750,5986476
123800,5987016
123850,5988936
123900,5989176
123950,5989536
124000,5990196
124050,5991636
124100,5991936
124150,5992716
124200,5993196
124250,5994096
124300,5994456
124350,5994696
124400,5995776
124450,5996736
124500,5997996
124550,5999556
124600,6000576
124650,6001956
124700,6002916
124750,6003936
124800,6004776
124850,6005316
124900,6006156
124950,6006816
125000,6009756
125050,6010836
125100,6011016
125150,6012096
125200,6014796
125250,6016776
125300,6017316
125350,6017616
125400,6017856
125450,6018396
125500,6020736
125550,6022776
125600,6023916
125650,6024936
125700,6025776
125750,6026316
125800,6027096
125850,6028236
125900,6029556
125950,6029796
126000,6030156
126050,6030996
126100,6031056
126150,6031896
126200,6033336
126250,6033636
126300,6034716
126350,6036696
126400,6037536
126450,6038196
126500,6038976
126550,6039576
126600,6039876
126650,6041796
126700,6042036
126750,6042096
126800,6042396
126850,6042576
126900,6042696
126950,6042936
127000,6042996
127050,6043176
127100,6043236
127150,6044196
127200,6044436
127250,6044436
127300,6044556
127350,6045336
127400,6045576
127450,6045696
127500,6045756
127550,6046476
127600,6046536
127650,6046596
127700,6046656
127750,6046776
127800,6047736
127850,6047976
127900,6048576
127950,6048936
128000,6049176
128050,6049416
128100,6049596
128150,6049656
128200,6049776
128250,6049776
128300,6049896
128350,6049896
128400,6051156
128450,6051336
128500,6051816
128550,6052176
128600,6052836
128650,6052836
128700,6052956
128750,6053376
128800,6053616
128850,6053616
128900,6053976
128950,6054216
129000,6054516
129050,6054576
129100,6054696
129150,6054756
129200,6055296
129250,6055716
129300,6056256
129350,6056256
129400,6062916
129450,6075336
129500,6092496
129550,6103416
129600,6110256
129650,6125256
129700,6139416
129750,6145656
129800,6153456
129850,6165516
129900,6175656
129950,6191856
130000,6204036
130050,6216576
130100,6224736
130150,6242916
130200,6255096
130250,6265536
130300,6265776
130350,6266736
130400,6266976
130450,6267396
130500,6267756
130550,6268116
130600,6268296
130650,6268536
130700,6268836
130750,6269376
130800,6269736
130850,6269916
130900,6270036
130950,6270276
131000,6270336
131050,6270456
131100,6270636
131150,6270816
131200,6270996
131250,6271116
131300,6274776
131350,6282096
131400,6284196
131450,6287076
131500,6291216
131550,6293616
131600,6297696
131650,6300396
131700,6301236
131750,6304476
131800,6306756
131850,6309756
131900,6310716
131950,6311856
132000,6313596
132050,6315336
132100,6317676
132150,6321756
132200,6326376
132250,6330396
132300,6334296
132350,6338376
132400,6342996
132450,6346176
132500,6348036
132550,6348696
132600,6350676
132650,6352836
132700,6353856
132750,6355776
132800,6357816
132850,6359736
132900,6361956
132950,6364656
133000,6366036
133050,6367296
133100,6368736
133150,6371016
133200,6372156
133250,6375156
133300,6377376
133350,6379956
133400,6381156
133450,6384636
133500,6386136
133550,6387516
133600,6387516
133650,6392436
133700,6403596
133750,6408696
133800,6413796
133850,6417636
133900,6435816
133950,6440136
134000,6443676
134050,6446436
134100,6450516
134150,6455316
134200,6457836
134250,6461376
134300,6466116
134350,6468936
134400,6472536
134450,6476616
134500,6479736
134550,6483156
134600,6487116
134650,6490056
134700,6493236
134750,6495276
134800,6497256
134850,6500856
134900,6503796
134950,6506496
135000,6509976
135050,6511176
135100,6514116
135150,6515616
135200,6517776
135250,6522816
135300,6532056
135350,6536016
135400,6540276
135450,6543156
135500,6547056
135550,6550116
135600,6554556
135650,6557136
135700,6559056
135750,6559056
135800,6561216
135850,6566016
135900,6568716
135950,6572496
136000,6582216
136050,6588096
136100,6594576
136150,6595656
136200,6596376
136250,6598536
136300,6608016
136350,6621936
136400,6633756
136450,6640116
136500,6641616
136550,6647376
136600,6652296
136650,6655536
136700,6660456
136750,6663156
136800,6671376
136850,6678156
136900,6686196
136950,6686916
137000,6687036
137050,6688236
137100,6693576
137150,6698076
137200,6703176
137250,6710976
137300,6716616
137350,6720036
137400,6722496
137450,6725796
137500,6727416
137550,6728016
137600,6728376
137650,6728976
137700,6729156
137750,6732216
137800,6733056
137850,6734196
137900,6736356
137950,6738156
138000,6738756
138050,6740616
138100,6742116
138150,6743316
138200,6747936
138250,6750576
138300,6751536
138350,6753276
138400,6753816
138450,6754056
138500,6755856
138550,6758076
138600,6758496
138650,6759336
138700,6760116
138750,6760716
138800,6761136
138850,6761796
138900,6762276
138950,6763056
139000,6764436
139050,6765036
139100,6766176
139150,6767196
139200,6768336
139250,6768936
139300,6769596
139350,6771756
139400,6772296
139450,6775236
139500,6785856
139550,6800796
139600,6808056
139650,6809316
139700,6810036
139750,6812676
139800,6813276
139850,6814476
139900,6815376
139950,6816036
140000,6817176
140050,6818196
140100,6818976
140150,6819816
140200,6820536
140250,6820956
140300,6821856
140350,6823776
140400,6824616
140450,6825876
140500,6826356
140550,6827016
140600,6827676
140650,6827796
140700,6829296
140750,6830496
140800,6831456
140850,6832416
140900,6833196
140950,6833616
141000,6834336
141050,6834816
141100,6835656
141150,6836256
141200,6837156
141250,6837936
141300,6838296
141350,6838776
141400,6840096
141450,6841176
141500,6842316
141550,6842376
141600,6842736
141650,6842856
141700,6844056
141750,6845136
141800,6846096
141850,6847656
141900,6848436
141950,6849096
142000,6849516
142050,6849996
142100,6851856
142150,6852996
142200,6853656
142250,6855156
142300,6856596
142350,6856896
142400,6857196
142450,6857436
142500,6858876
142550,6859596
142600,6860256
142650,6860556
142700,6861576
142750,6862536
142800,6862716
142850,6863316
142900,6863736
142950,6865176
143000,6866676
143050,6867216
143100,6867876
143150,6868836
143200,6871116
143250,6871656
143300,6872496
143350,6873756
143400,6876636
143450,6877476
143500,6878136
143550,6879216
143600,6880176
143650,6881496
143700,6882516
143750,6883236
143800,6883896
143850,6885096
143900,6885876
143950,6886836
144000,6888636
144050,6889176
144100,6889476
144150,6890916
144200,6891156
144250,6891936
144300,6892356
144350,6892656
144400,6892896
144450,6893316
144500,6895896
144550,6897276
144600,6898116
144650,6898956
144700,6899376
144750,6899856
144800,6901716
144850,6902856
144900,6904596
144950,6905136
145000,6905736
145050,6906276
145100,6906876
145150,6907416
145200,6908376
145250,6909636
145300,6910056
145350,6911316
145400,6911916
145450,6912816
145500,6913236
145550,6914256
145600,6914856
145650,6915816
145700,6916296
145750,6917736
145800,6919596
145850,6921036
145900,6921996
145950,6922776
146000,6924036
146050,6925116
146100,6925656
146150,6927876
146200,6930216
146250,6930996
146300,6931476
146350,6932196
146400,6932796
146450,6933756
146500,6934836
146550,6935736
146600,6936216
146650,6936456
146700,6936936
146750,6937416
146800,6937836
146850,6938316
146900,6938556
146950,6938736
147000,6939156
147050,6939456
147100,6940356
147150,6940656
147200,6941016
147250,6941316
147300,6941616
147350,6941856
147400,6942096
147450,6942756
147500,6944616
147550,6944976
147600,6945276
147650,6945756
147700,6946596
147750,6947196
147800,6947976
147850,6948696
147900,6949176
147950,6949416
148000,6949716
148050,6950376
148100,6951516
148150,6953016
148200,6953556
148250,6953856
148300,6955476
148350,6956436
148400,6956856
148450,6957696
148500,6957936
148550,6958596
148600,6958716
148650,6959736
148700,6960216
148750,6960876
148800,6961296
148850,6961716
148900,6962316
148950,6962556
149000,6963456
149050,6963816
149100,6964176
149150,6964956
149200,6965856
149250,6966216
149300,6966456
149350,6967176
149400,6967836
149450,6968016
149500,6969696
149550,6970476
149600,6970896
149650,6971316
149700,6971556
149750,6972276
149800,6973116
149850,6975516
149900,6976656
149950,6976836
150000,6977136
150050,6977376
150100,6977556
150150,6977976
150200,6978876
150250,6979116
150300,6979236
150350,6979776
150400,6980496
150450,6981456
150500,6982056
150550,6982476
150600,6982776
150650,6982956
150700,6983136
150750,6983436
150800,6984036
150850,6984936
150900,6985236
150950,6985716
151000,6986016
151050,6986796
151100,6987276
151150,6987996
151200,6988536
151250,6988836
151300,6989196
151350,6990276
151400,6991356
151450,6991836
151500,6992196
151550,6992436
151600,6993156
151650,6994356
151700,6995016
151750,6995256
151800,6995496
151850,6996216
151900,6996636
151950,6996756
152000,6997416
152050,6998196
152100,6998676
152150,6999756
152200,6999996
152250,7001256
152300,7001976
152350,7002516
152400,7002996
152450,7004256
152500,7005096
152550,7006416
152600,7006956
152650,7007376
152700,7008036
152750,7008576
152800,7009416
152850,7010256
152900,7010976
152950,7011636
153000,7011876
153050,7012356
153100,7012776
153150,7013136
153200,7013856
153250,7014456
153300,7015716
153350,7016436
153400,7017816
153450,7018536
153500,7019736
153550,7020576
153600,7021056
153650,7021476
153700,7021716
153750,7021896
153800,7022136
153850,7022736
153900,7023576
153950,7023996
154000,7024956
154050,7025916
154100,7026636
154150,7026816
154200,7027176
154250,7028196
154300,7029336
154350,7030176
154400,7030956
154450,7031316
154500,7031916
154550,7032576
154600,7033056
154650,7033776
154700,7035756
154750,7035936
154800,7039536
154850,7042356
154900,7045716
154950,7046916
155000,7049316
155050,7050876
155100,7052496
155150,7055436
155200,7057116
155250,7058376
155300,7060236
155350,7062336
155400,7062936
155450,7064556
155500,7065936
155550,7067016
155600,7067976
155650,7069776
155700,7071036
155750,7076436
155800,7078116
155850,7080816
155900,7084536
155950,7086396
156000,7090476
156050,7092876
156100,7094916
156150,7098756
156200,7100856
156250,7102356
156300,7104216
156350,7106076
156400,7109316
156450,7110516
156500,7111956
156550,7114956
156600,7116516
156650,7117896
156700,7121376
156750,7123896
156800,7126296
156850,7129236
156900,7130856
156950,7132656
157000,7134876
157050,7136076
157100,7138956
157150,7140876
157200,7143516
157250,7146156
157300,7147236
157350,7150836
157400,7152336
157450,7154376
157500,7156896
157550,7158396
157600,7161096
157650,7164936
157700,7167576
157750,7168236
157800,7170456
157850,7174356
157900,7175136
157950,7177116
158000,7179396
158050,7179936
158100,7181376
158150,7182396
158200,7184676
158250,7185576
158300,7192116
158350,7194696
158400,7196796
158450,7198716
158500,7199676
158550,7200336
158600,7202256
158650,7204296
158700,7206096
158750,7206816
158800,7208616
158850,7210356
158900,7212636
158950,7214676
159000,7216476
159050,7218456
159100,7219296
159150,7220916
159200,7222716
159250,7226376
159300,7228956
159350,7230936
159400,7232856
159450,7234836
159500,7235796
159550,7237056
159600,7237656
159650,7238076
159700,7249296
159750,7256496
159800,7258716
159850,7262376
159900,7266936
159950,7269876
160000,7273296
160050,7276356
160100,7278996
160150,7281156
160200,7282476
160250,7283496
160300,7285776
160350,7288416
160400,7291236
160450,7294956
160500,7299036
160550,7302876
160600,7303296
160650,7307916
160700,7310016
160750,7311636
160800,7312476
160850,7313136
160900,7314216
160950,7314996
161000,7315416
161050,7316976
161100,7318236
161150,7319676
161200,7321716
161250,7323096
161300,7324236
161350,7325076
161400,7325556
161450,7326696
161500,7326816
161550,7327956
161600,7328316
161650,7329396
161700,7330596
161750,7331016
161800,7331376
161850,7331916
161900,7332816
161950,7334556
162000,7335696
162050,7336536
162100,7337196
162150,7337676
162200,7338096
162250,7338756
162300,7340796
162350,7343916
162400,7344996
162450,7345656
162500,7346916
162550,7347876
162600,7348296
162650,7348836
162700,7349136
162750,7349436
162800,7349916
162850,7350636
162900,7351116
162950,7351596
163000,7351956
163050,7352496
163100,7353576
163150,7353876
163200,7354416
163250,7354776
163300,7355316
163350,7356156
163400,7356696
163450,7357056
163500,7357716
163550,7358136
163600,7358616
163650,7359516
163700,7359636
163750,7359936
163800,7360116
163850,7360596
163900,7361676
163950,7361796
164000,7363056
164050,7363416
164100,7363776
164150,7364196
164200,7364736
164250,7365156
164300,7365696
164350,7365816
164400,7366236
164450,7366596
164500,7366836
164550,7367076
164600,7367916
164650,7368576
164700,7368876
164750,7369416
164800,7370556
164850,7370676
164900,7371396
164950,7371936
165000,7372536
165050,7373076
165100,7373736
165150,7375236
165200,7375356
165250,7375476
165300,7376376
165350,7376916
165400,7377096
165450,7377516
165500,7377756
165550,7377936
165600,7378536
165650,7378596
165700,7378716
165750,7378956
165800,7380216
165850,7381956
165900,7382736
165950,7383396
166000,7383936
166050,7384776
166100,7385196
166150,7386996
166200,7389156
166250,7389456
166300,7391136
166350,7393056
166400,7393896
166450,7394376
166500,7394556
166550,7395276
166600,7395276
166650,7397556
166700,7401816
166750,7403736
166800,7405776
166850,7408776
166900,7411956
166950,7414656
167000,7415676
167050,7418976
167100,7420956
167150,7423596
167200,7425696
167250,7427796
167300,7428996
167350,7431756
167400,7436076
167450,7439676
167500,7442676
167550,7444176
167600,7444956
167650,7447476
167700,7449336
167750,7452036
167800,7455456
167850,7456596
167900,7457556
167950,7458996
168000,7459836
168050,7462596
168100,7464216
168150,7467036
168200,7469796
168250,7471656
168300,7475316
168350,7476036
168400,7477896
168450,7480716
168500,7483236
168550,7486536
168600,7488576
168650,7490676
168700,7492356
168750,7493436
168800,7494936
168850,7498296
168900,7501716
168950,7503816
169000,7508376
169050,7510836
169100,7513476
169150,7515936
169200,7517436
169250,7519236
169300,7521036
169350,7522296
169400,7524156
169450,7526796
169500,7530276
169550,7534236
169600,7537836
169650,7540296
169700,7542936
169750,7545516
169800,7548516
169850,7551816
169900,7555236
169950,7559196
170000,7560576
170050,7562316
170100,7563996
170150,7566036
170200,7567296
170250,7568436
170300,7571676
170350,7573236
170400,7574016
170450,7575336
170500,7576236
170550,7576356
