Document Count,Tokens in Query,Query Duration Micros
0,2,4
0,1,1
0,1,0
50,2,2
50,2,1
50,2,1
100,1,1
100,3,2
100,1,1
150,3,2
150,3,114
150,1,1
200,3,24
200,2,1
200,1,24
250,3,2
250,1,1
250,2,29
300,1,29
300,2,1
300,1,1
350,3,2
350,2,1
350,3,1
400,2,1
400,2,1
400,1,1
450,1,299
450,3,43
450,1,1
500,3,278
500,2,1
500,3,2
550,3,2
550,1,1
550,2,294
600,2,1
600,2,1
600,3,313
650,3,1
650,2,1
650,3,1
700,3,394
700,1,69
700,1,69
750,2,1
750,2,1
750,2,69
800,1,1
800,1,493
800,2,448
850,1,1
850,2,1
850,1,0
900,3,2
900,2,92
900,3,2
950,1,1
950,2,1
950,1,0
1000,1,1
1000,2,1
1000,3,1
1050,1,85
1050,3,497
1050,1,537
1100,3,95
1100,3,1
1100,2,1
1150,2,1
1150,3,1
1150,2,1
1200,3,110
1200,1,670
1200,3,1
1250,2,1
1250,3,119
1250,3,117
1300,2,1
1300,2,1
1300,3,166
1350,1,1
1350,3,961
1350,1,0
1400,3,2
1400,2,1
1400,3,1037
1450,3,1
1450,2,1
1450,1,0
1500,1,1
1500,3,1175
1500,2,1
1550,2,1
1550,3,1
1550,3,1
1600,2,5
1600,2,1
1600,2,1444
1650,2,4
1650,2,4
1650,2,1599
1700,1,1
1700,3,1
1700,3,5
1750,2,1
1750,2,347
1750,1,4
1800,1,341
1800,3,343
1800,2,3
1850,1,2115
1850,2,1
1850,1,2083
1900,3,2
1900,3,1
1900,2,469
1950,3,2118
1950,2,3
1950,1,478
2000,2,6
2000,3,2337
2000,2,4
2050,2,2401
2050,1,4
2050,2,532
2100,1,1
2100,1,0
2100,2,5
2150,3,581
2150,3,566
2150,2,10
2200,1,572
2200,1,5
2200,1,560
2250,2,534
2250,3,588
2250,1,4
2300,3,1
2300,2,6
2300,1,2809
2350,1,9
2350,3,12
2350,1,4
2400,1,9
2400,1,3
2400,3,9
2450,1,3042
2450,3,8
2450,2,1
2500,3,6
2500,2,650
2500,2,4
2550,3,629
2550,3,1
2550,3,1
2600,3,3103
2600,3,1
2600,2,1
2650,3,3159
2650,3,3140
2650,2,3308
2700,3,3422
2700,1,3
2700,2,10
2750,1,10
2750,1,3
2750,2,634
2800,3,3947
2800,1,9
2800,2,11
2850,3,12
2850,1,10
2850,2,4
2900,1,631
2900,1,618
2900,2,4
2950,2,11
2950,3,12
2950,2,12
3000,2,11
3000,2,4397
3000,2,4
3050,1,645
3050,2,639
3050,3,4
3100,2,13
3100,2,4306
3100,2,4212
3150,2,4274
3150,1,640
3150,3,12
3200,2,4
3200,2,12
3200,3,4372
3250,1,650
3250,3,12
3250,1,9
3300,3,799
3300,1,660
3300,1,4735
3350,2,4678
3350,2,4525
3350,1,10
3400,2,4604
3400,3,14
3400,3,5
3450,1,10
3450,2,666
3450,2,11
3500,1,4739
3500,3,4
3500,1,640
3550,3,14
3550,3,12
3550,2,4
3600,2,5343
3600,1,4
3600,2,12
3650,1,5456
3650,1,5162
3650,1,5124
3700,3,18
3700,1,3
3700,1,5086
3750,2,5330
3750,3,14
3750,3,5
3800,2,16
3800,1,710
3800,1,5177
3850,2,12
3850,1,11
3850,1,3
3900,2,687
3900,1,5290
3900,3,13
3950,1,5300
3950,3,14
3950,3,672
4000,3,5392
4000,2,5685
4000,3,674
4050,2,13
4050,3,4
4050,2,12
4100,3,13
4100,1,689
4100,1,11
4150,3,5617
4150,1,3
4150,3,19
4200,1,5652
4200,3,18
4200,3,17
4250,3,19
4250,2,17
4250,3,4
4300,3,18
4300,1,16
4300,1,14
4350,3,5946
4350,2,6196
4350,2,16
4400,2,17
4400,1,5976
4400,2,18
4450,1,17
4450,2,18
4450,1,6007
4500,3,20
4500,3,19
4500,1,6081
4550,1,17
4550,1,714
4550,3,17
4600,2,22
4600,2,18
4600,2,20
4650,1,16
4650,2,706
4650,3,4
4700,2,4
4700,2,16
4700,2,16
4750,3,19
4750,2,22
4750,2,18
4800,3,6662
4800,1,20
4800,1,698
4850,2,4
4850,1,6562
4850,2,694
4900,1,702
4900,2,6598
4900,2,6527
4950,1,6697
4950,2,702
4950,2,16
5000,2,5
5000,3,5
5000,1,20
5050,1,15
5050,3,8166
5050,2,17
5100,2,18
5100,1,891
5100,2,956
5150,2,8132
5150,2,8144
5150,1,880
5200,3,23
5200,2,4
5200,1,3
5250,2,8394
5250,3,8272
5250,1,20
5300,2,6
5300,3,5
5300,3,19
5350,2,7
5350,1,24
5350,2,955
5400,3,25
5400,3,25
5400,3,23
5450,1,26
5450,3,974
5450,1,18
5500,3,28
5500,1,914
5500,3,23
5550,1,22
5550,1,17
5550,3,18
5600,1,18
5600,2,4
5600,3,4
5650,3,7
5650,2,3
5650,1,9090
5700,2,952
5700,3,22
5700,2,889
5750,1,21
5750,1,8839
5750,2,4
5800,3,24
5800,2,1039
5800,3,8650
5850,3,28
5850,1,20
5850,2,4
5900,1,3
5900,3,8567
5900,2,907
5950,1,32
5950,2,20
5950,2,17
6000,1,897
6000,1,8676
6000,3,26
6050,2,20
6050,2,4
6050,3,22
6100,1,920
6100,2,928
6100,1,20
6150,1,24
6150,2,21
6150,3,4
6200,2,9008
6200,3,912
6200,1,898
6250,1,17
6250,2,922
6250,2,8680
6300,1,21
6300,1,8701
6300,2,1003
6350,3,8771
6350,1,17
6350,1,4
6400,1,8742
6400,1,926
6400,3,21
6450,2,20
6450,3,8763
6450,2,8692
6500,1,935
6500,2,4
6500,1,16
6550,1,922
6550,3,19
6550,3,925
6600,3,5
6600,3,9330
6600,2,17
6650,3,24
6650,3,974
6650,1,3
6700,1,4
6700,2,22
6700,3,22
6750,1,5
6750,2,9475
6750,1,8920
6800,3,19
6800,3,8971
6800,1,938
6850,3,950
6850,1,20
6850,2,21
6900,1,20
6900,3,4
6900,3,4
6950,1,22
6950,1,19
6950,2,21
7000,2,22
7000,2,9123
7000,1,960
7050,1,4
7050,1,960
7050,1,930
7100,3,24
7100,2,21
7100,2,963
7150,2,1093
7150,2,4
7150,3,19
7200,2,22
7200,3,21
7200,3,18
7250,3,24
7250,3,10247
7250,2,9841
7300,2,1086
7300,2,1010
7300,3,10218
7350,3,22
7350,1,21
7350,2,974
7400,2,9462
7400,3,18
7400,1,963
7450,1,950
7450,2,965
7450,1,9125
7500,1,22
7500,2,4
7500,2,1003
7550,1,9349
7550,3,23
7550,3,19
7600,2,1006
7600,2,9207
7600,2,9239
7650,2,5
7650,2,20
7650,1,984
7700,3,23
7700,3,1012
7700,1,964
7750,2,7
7750,1,9538
7750,3,19
7800,2,24
7800,2,9342
7800,3,987
7850,2,5
7850,1,3
7850,3,999
7900,3,982
7900,3,21
7900,3,22
7950,2,26
7950,2,21
7950,2,4
8000,2,1011
8000,1,975
8000,3,26
8050,3,5
8050,3,18
8050,1,995
8100,3,22
8100,2,9742
8100,1,20
8150,1,4
8150,2,20
8150,2,17
8200,3,8
8200,1,3
8200,1,1140
8250,1,17
8250,2,9939
8250,1,16
8300,1,9520
8300,2,4
8300,3,1140
8350,2,9688
8350,3,19
8350,3,4
8400,3,19
8400,1,16
8400,2,28
8450,3,5
8450,2,9781
8450,3,19
8500,3,23
8500,2,9501
8500,1,16
8550,1,4
8550,3,18
8550,1,9609
8600,2,4
8600,3,25
8600,1,1072
8650,1,1000
8650,2,1005
8650,3,22
8700,3,6
8700,3,18
8700,1,1044
8750,3,19
8750,3,22
8750,3,4
8800,3,22
8800,1,19
8800,2,4
8850,2,1189
8850,3,5
8850,3,1014
8900,2,23
8900,1,3
8900,2,21
8950,3,7
8950,3,28
8950,3,10847
9000,1,11080
9000,2,10320
9000,1,18
9050,1,19
9050,2,1106
9050,1,22
9100,2,1088
9100,2,10245
9100,2,9789
9150,3,10011
9150,3,24
9150,2,23
9200,2,24
9200,1,16
9200,2,21
9250,1,10078
9250,3,19
9250,1,9762
9300,2,7
9300,1,10138
9300,3,1097
9350,2,21
9350,1,1034
9350,3,1072
9400,2,1071
9400,3,10249
9400,1,3
9450,3,6
9450,2,10052
9450,1,9852
9500,1,9998
9500,2,22
9500,3,9944
9550,2,22
9550,2,1108
9550,1,9981
9600,2,1103
9600,2,23
9600,1,16
9650,2,22
9650,1,3
9650,3,1070
9700,1,10352
9700,2,4
9700,3,19
9750,1,17
9750,1,16
9750,3,4
9800,2,24
9800,2,1111
9800,2,22
9850,1,20
9850,1,6
9850,1,20
9900,2,1117
9900,2,24
9900,2,1072
9950,1,1085
9950,1,3
9950,1,3
10000,3,23
10000,1,1071
10000,3,1243
10050,1,10675
10050,1,17
10050,3,23
10100,1,4
10100,2,3
10100,2,10182
10150,3,9
10150,1,16
10150,1,10330
10200,3,1135
10200,3,10205
10200,3,4
10250,1,10477
10250,2,18
10250,2,10386
10300,3,21
10300,1,1118
10300,1,22
10350,2,8
10350,2,1379
10350,1,11082
10400,2,7
10400,1,3
10400,1,23
10450,2,27
10450,2,28
10450,3,11910
10500,3,10
10500,2,24
10500,2,18
10550,3,23
10550,1,17
10550,1,16
10600,2,23
10600,3,11090
10600,3,5
10650,3,1149
10650,3,23
10650,3,10884
10700,2,1105
10700,2,18
10700,2,6
10750,2,34
10750,3,21
10750,3,11065
10800,2,24
10800,1,10722
10800,2,24
10850,1,16
10850,2,17
10850,1,3
10900,2,25
10900,3,18
10900,1,3
10950,1,24
10950,3,7
10950,1,3
11000,1,11115
11000,3,23
11000,1,19
11050,1,10771
11050,3,1169
11050,1,10512
11100,3,23
11100,1,15
11100,2,10802
11150,1,19
11150,2,10865
11150,2,1123
11200,3,10804
11200,3,5
11200,3,18
11250,3,10722
11250,3,10479
11250,3,10575
11300,1,21
11300,1,15
11300,3,4
11350,3,22
11350,1,1142
11350,1,1088
11400,3,1332
11400,2,23
11400,2,18
11450,2,5
11450,1,7
11450,3,22
11500,1,11430
11500,3,28
11500,3,34
11550,2,1140
11550,1,16
11550,2,4
11600,2,1248
11600,2,1207
11600,3,11184
11650,1,5
11650,3,5
11650,3,11008
11700,3,5
11700,2,18
11700,1,16
11750,1,4
11750,1,3
11750,1,16
11800,3,31
11800,2,5
11800,2,12596
11850,2,28
11850,1,1254
11850,2,24
11900,3,13
11900,1,1203
11900,2,1139
11950,1,30
11950,3,12162
11950,1,11141
12000,1,26
12000,2,11603
12000,3,23
12050,1,20
12050,3,30
12050,3,24
12100,3,27
12100,2,1218
12100,1,11814
12150,2,11078
12150,3,23
12150,1,20
12200,3,1331
12200,2,22
12200,2,19
12250,2,6
12250,2,1160
12250,2,1138
12300,1,4
12300,1,20
12300,3,4
12350,1,1164
12350,2,1144
12350,2,22
12400,1,1176
12400,2,1170
12400,2,25
12450,1,1172
12450,3,5
12450,1,11809
12500,1,1177
12500,2,18
12500,2,11292
12550,1,11377
12550,3,11067
12550,3,1281
12600,2,23
12600,1,1167
12600,1,3
12650,1,1164
12650,2,21
12650,2,17
12700,1,23
12700,3,11991
12700,2,4
12750,1,11468
12750,3,11437
12750,2,18
12800,1,4
12800,1,21
12800,3,21
12850,3,5
12850,3,23
12850,3,4
12900,1,1193
12900,3,19
12900,2,21
12950,3,19
12950,3,1332
12950,1,11783
13000,3,23
13000,1,11540
13000,3,5
13050,1,4
13050,2,11587
13050,2,18
13100,3,5
13100,1,1219
13100,1,3
13150,3,1377
13150,2,17
13150,2,3
13200,1,4
13200,2,11884
13200,3,11389
13250,1,25
13250,2,19
13250,1,1350
13300,3,10
13300,2,23
13300,2,1319
13350,3,25
13350,1,13299
13350,3,26
13400,3,12216
13400,3,11941
13400,3,7
13450,3,26
13450,1,1252
13450,2,5
13500,1,9
13500,2,43
13500,1,1326
13550,2,13574
13550,2,9
13550,1,32
13600,2,9
13600,1,18
13600,3,32
13650,1,12628
13650,2,32
13650,2,4
13700,2,1290
13700,1,17
13700,2,1184
13750,3,7
13750,2,12212
13750,2,1331
13800,2,19
13800,3,1197
13800,2,4
13850,3,5
13850,2,11932
13850,3,11722
13900,1,24
13900,3,12373
13900,3,1263
13950,3,12148
13950,1,1273
13950,3,19
14000,2,12290
14000,2,34
14000,1,3
14050,2,33
14050,3,1213
14050,1,1180
14100,2,32
14100,3,1212
14100,1,3
14150,2,31
14150,3,4
14150,1,1206
14200,1,29
14200,1,12506
14200,1,3
14250,3,20
14250,2,17
14250,2,31
14300,2,34
14300,2,1254
14300,3,1190
14350,3,1377
14350,1,4
14350,1,32
14400,3,10
14400,3,36
14400,2,36
14450,2,8
14450,1,3
14450,3,1577
14500,2,40
14500,3,12931
14500,2,5
14550,2,7
14550,2,18
14550,2,1273
14600,3,13912
14600,3,1293
14600,2,5
14650,2,13728
14650,2,7
14650,3,5
14700,3,1304
14700,1,33
14700,3,1262
14750,3,8
14750,1,13114
14750,1,1245
14800,1,21
14800,1,15
14800,1,1260
14850,2,1363
14850,1,31
14850,2,18
14900,3,1245
14900,1,12919
14900,1,17
14950,2,39
14950,3,1235
14950,2,18
15000,1,13021
15000,1,31
15000,2,12627
15050,2,22
15050,2,15127
15050,1,3
15100,2,36
15100,1,3
15100,1,1274
15150,3,7
15150,2,1217
15150,1,17
15200,2,38
15200,2,3
15200,1,3
15250,3,1453
15250,2,1210
15250,3,1201
15300,3,22
15300,2,17
15300,2,1323
15350,1,35
15350,1,1247
15350,1,1197
15400,1,5
15400,1,1247
15400,1,31
15450,3,15929
15450,1,19
15450,3,18
15500,3,15195
15500,1,3
15500,1,16
15550,2,6
15550,3,36
15550,2,3
15600,2,7
15600,3,17751
15600,3,6
15650,1,15650
15650,2,5
15650,2,14918
15700,1,1300
15700,1,30
15700,2,1220
15750,2,1237
15750,3,22
15750,1,3
15800,2,15778
15800,2,19
15800,2,1233
15850,2,36
15850,3,19
15850,3,33
15900,3,17220
15900,2,21
15900,3,1530
15950,3,38
15950,1,17
15950,2,31
16000,1,24
16000,2,18
16000,2,37
16050,2,12
16050,3,1368
16050,1,18411
16100,1,17482
16100,3,16836
16100,3,43
16150,1,39
16150,3,5
16150,1,17350
16200,1,26
16200,3,16424
16200,2,1354
16250,3,45
16250,1,19
16250,1,31
16300,2,23
16300,1,34
16300,3,5
16350,1,1327
16350,3,1302
16350,1,1233
16400,3,14
16400,2,38
16400,1,22
16450,3,17589
16450,3,42
16450,3,17658
16500,2,10
16500,3,45
16500,2,3
16550,2,10
16550,3,4
16550,1,3
16600,1,1329
16600,3,20
16600,2,18666
16650,1,7
16650,2,20
16650,2,37
16700,1,42
16700,2,25
16700,2,49
16750,1,1508
16750,3,18287
16750,3,16008
16800,1,40
16800,1,16756
16800,1,1387
16850,2,11
16850,1,16871
16850,2,22
16900,3,41
16900,1,18295
16900,3,1390
16950,2,18147
16950,3,8
16950,1,23
17000,2,24
17000,2,1346
17000,2,1351
17050,2,1495
17050,1,26
17050,3,41
17100,2,18848
17100,2,11
17100,2,18442
17150,1,28
17150,3,18688
17150,1,20604
17200,2,9
17200,1,19
17200,2,42
17250,3,1410
17250,2,1405
17250,2,36
17300,2,28
17300,1,18731
17300,1,20037
17350,3,25
17350,3,1555
17350,3,22
17400,3,48
17400,1,18812
17400,2,18315
17450,3,41
17450,3,32
17450,1,3
17500,2,14
17500,3,38
17500,3,45
17550,3,14
17550,1,1513
17550,3,1368
17600,3,1452
17600,3,6
17600,2,20
17650,1,18685
17650,3,31
17650,2,36
17700,1,1443
17700,1,18540
17700,2,1482
17750,1,31
17750,2,18891
17750,2,8
17800,1,24
17800,3,1482
17800,3,26
17850,1,8
17850,3,4
17850,2,1393
17900,3,1659
17900,2,19
17900,2,19056
17950,1,8
17950,2,27
17950,3,35
18000,3,28
18000,1,19
18000,3,19
18050,1,1461
18050,3,29
18050,1,16
18100,3,1476
18100,2,5
18100,1,4
18150,1,8
18150,3,45
18150,1,30
18200,3,1503
18200,1,39
18200,3,19103
18250,3,12
18250,1,34
18250,1,30
18300,3,25
18300,1,4
18300,1,3
18350,3,40
18350,1,1422
18350,1,18377
18400,1,1395
18400,3,1308
18400,2,37
18450,3,19160
18450,3,17856
18450,2,8
18500,1,18716
18500,3,17569
18500,2,38
18550,2,45
18550,1,3
18550,2,1507
18600,2,51
18600,1,31
18600,3,6
18650,3,52
18650,1,19601
18650,3,26
18700,3,12
18700,3,18670
18700,2,8
18750,3,21
18750,1,1448
18750,3,5
18800,3,42
18800,1,32
18800,1,3
18850,1,8
18850,3,1417
18850,1,18
18900,2,39
18900,1,19404
18900,1,44
18950,2,19913
18950,2,26
18950,3,5
19000,2,19832
19000,2,1464
19000,3,19
19050,1,20323
19050,1,9
19050,2,4
19100,1,40
19100,1,1412
19100,3,21
19150,3,55
19150,3,33
19150,1,30
19200,1,25
19200,1,37
19200,2,5
19250,2,38
19250,3,34
19250,3,20097
19300,1,24
19300,3,1877
19300,1,23
19350,1,21059
19350,2,43
19350,2,20
19400,1,8
19400,3,22
19400,1,16
19450,2,11
19450,3,1750
19450,2,4
19500,3,20595
19500,1,27
19500,2,1473
19550,2,20249
19550,3,23064
19550,2,28
19600,3,33
19600,2,41
19600,2,20006
19650,3,31
19650,2,35
19650,1,3
19700,1,26
19700,1,32961
19700,1,39
19750,3,51
19750,2,1540
19750,3,1415
19800,2,16
19800,3,37
19800,3,1513
19850,1,25
19850,2,35
19850,2,4
19900,2,20307
19900,3,11
19900,2,19
19950,3,30
19950,2,37
19950,1,20960
20000,2,28
20000,2,1531
20000,1,1464
20050,1,1685
20050,2,21934
20050,1,1527
20100,1,1529
20100,1,21
20100,3,20
20150,3,20223
20150,3,19750
20150,3,1466
20200,1,43
20200,3,35
20200,3,20
20250,2,20306
20250,2,23
20250,2,4
20300,3,1764
20300,2,19465
20300,2,24
20350,3,1539
20350,3,1332
20350,1,32
20400,1,32
20400,1,1691
20400,2,21853
20450,2,21543
20450,3,19980
20450,1,45
20500,3,20617
20500,1,21044
20500,1,13
20550,1,52
20550,1,31
20550,3,5
20600,3,30
20600,1,1550
20600,2,36
20650,2,44
20650,2,20882
20650,3,1666
20700,3,16
20700,3,1923
20700,3,27
20750,3,1741
20750,3,22450
20750,1,41
20800,3,20682
20800,3,8
20800,3,4
20850,1,41
20850,1,22
20850,2,22
20900,2,2076
20900,1,1823
20900,2,36
20950,1,13
20950,1,33
20950,3,19
21000,2,50
21000,1,31
21000,3,33
21050,2,21865
21050,1,25
21050,2,18
21100,3,20461
21100,1,40
21100,3,5
21150,1,41
21150,3,9
21150,2,20219
21200,2,2083
21200,2,22
21200,1,1833
21250,2,15
21250,2,44
21250,3,20
21300,2,1894
21300,3,42
21300,2,4
21350,2,9
21350,3,2132
21350,2,21
21400,2,26
21400,1,21197
21400,3,2091
21450,1,1949
21450,1,5
21450,3,5
21500,1,22205
21500,2,18
21500,3,6
21550,2,41
21550,1,21439
21550,3,28
21600,3,2016
21600,3,24
21600,1,21455
21650,2,11
21650,2,21718
21650,3,1924
21700,2,2184
21700,3,6
21700,3,21555
21750,2,21387
21750,3,19792
21750,1,1924
21800,2,52
21800,3,41
21800,1,18
21850,1,11
21850,1,35
21850,1,3
21900,3,46
21900,2,21525
21900,1,1884
21950,1,13
21950,1,22096
21950,3,21112
22000,3,21772
22000,2,19957
22000,2,7
22050,2,10
22050,1,36
22050,2,1972
22100,3,39
22100,2,2400
22100,3,1907
22150,3,7
22150,2,3
22150,3,21254
22200,1,1934
22200,3,38
22200,2,1786
22250,1,26
22250,1,3
22250,3,45
22300,2,13
22300,2,21
22300,1,1886
22350,1,46
22350,2,23365
22350,1,21857
22400,3,9
22400,3,20
22400,3,36
22450,1,28
22450,2,1984
22450,1,21847
22500,1,21491
22500,3,32
22500,2,4
22550,2,50
22550,2,33
22550,2,21
22600,1,24
22600,3,1979
22600,1,17
22650,2,25
22650,2,1987
22650,1,22751
22700,1,21704
22700,1,37
22700,2,2071
22750,3,58
22750,3,24
22750,3,33
22800,1,8
22800,3,36
22800,3,21953
22850,1,57
22850,1,1953
22850,3,31
22900,2,29
22900,3,40
22900,2,22084
22950,2,48
22950,3,21
22950,3,8
23000,1,47
23000,2,35
23000,2,22989
23050,3,11
23050,3,22414
23050,2,2121
23100,2,51
23100,3,23
23100,2,4
23150,1,11
23150,2,2261
23150,2,21
23200,3,27
23200,1,37
23200,3,19
23250,1,41
23250,2,33
23250,2,1853
23300,1,46
23300,2,61
23300,2,37
23350,1,29
23350,3,7
23350,1,22800
23400,2,41
23400,1,18
23400,2,4
23450,1,9
23450,3,29
23450,1,3
23500,1,23388
23500,1,22674
23500,2,35
23550,1,23
23550,3,43
23550,2,22282
23600,2,23519
23600,2,53
23600,2,1905
23650,1,25
23650,3,1920
23650,3,5
23700,2,48
23700,3,6
23700,1,36
23750,3,21982
23750,1,45
23750,2,20
23800,1,1916
23800,3,2098
23800,1,37
23850,3,16
23850,1,37
23850,3,22005
23900,2,22622
23900,1,23
23900,3,1960
23950,1,48
23950,1,18
23950,1,30
24000,2,53
24000,1,1920
24000,3,20
24050,1,23675
24050,2,37
24050,3,18
24100,3,1976
24100,2,1987
24100,2,22417
24150,3,40
24150,2,32
24150,1,3
24200,1,39
24200,2,19
24200,1,1850
24250,2,30
24250,3,1962
24250,1,1793
24300,2,2022
24300,2,20
24300,2,17
24350,3,22240
24350,1,21880
24350,1,41
24400,3,41
24400,2,2162
24400,3,21975
24450,2,48
24450,3,19
24450,3,1921
24500,2,24
24500,2,4
24500,2,22839
24550,3,44
24550,1,32
24550,2,2026
24600,2,25
24600,2,23
24600,1,22227
24650,2,41
24650,1,32
24650,1,17
24700,2,9
24700,3,22676
24700,2,7
24750,1,2030
24750,1,39
24750,1,18
24800,3,45
24800,1,40
24800,1,34
24850,2,46
24850,3,2051
24850,2,37
24900,1,45
24900,2,36
24900,3,25126
24950,1,8
24950,2,1944
24950,2,24
25000,1,22
25000,2,37
25000,1,20
25050,1,9
25050,3,1980
25050,3,21778
25100,3,21830
25100,2,1934
25100,1,3
25150,2,8
25150,1,3
25150,2,23139
25200,3,13
25200,1,40
25200,2,40
25250,2,1974
25250,3,20
25250,3,18
25300,2,29
25300,3,5
25300,2,21980
25350,1,8
25350,3,37
25350,1,32
25400,1,2034
25400,3,8
25400,1,1779
25450,2,14
25450,1,3
25450,2,27
25500,1,1901
25500,2,22255
25500,3,22983
25550,3,10
25550,2,19
25550,3,24951
25600,3,11
25600,2,46
25600,2,2336
25650,2,10
25650,2,24849
25650,1,22978
25700,1,10
25700,2,46
25700,1,35
25750,2,9
25750,1,3
25750,3,37
25800,3,28
25800,3,2095
25800,2,46
25850,2,23276
25850,1,7
25850,3,22331
25900,1,13
25900,3,23
25900,3,5
25950,3,30
25950,3,23332
25950,3,20
26000,3,23477
26000,3,9
26000,1,23282
26050,2,24289
26050,2,41
26050,3,5
26100,2,2064
26100,3,6
26100,3,45
26150,2,21623
26150,3,2050
26150,3,1868
26200,1,40
26200,2,19
26200,3,22790
26250,1,1955
26250,2,22180
26250,2,6
26300,2,11
26300,3,4
26300,3,21787
26350,2,2070
26350,2,21895
26350,1,1883
26400,3,17
26400,1,37
26400,3,21
26450,3,10
26450,3,2061
26450,3,31
26500,3,12
26500,2,44
26500,1,3
26550,3,13
26550,3,5
26550,3,24
26600,1,41
26600,3,44
26600,2,36
26650,1,48
26650,2,5
26650,3,22
26700,2,51
26700,1,25402
26700,2,2171
26750,3,2342
26750,3,2014
26750,2,43
26800,1,7
26800,3,36
26800,2,4
26850,2,2172
26850,2,5
26850,3,38
26900,3,13
26900,3,48
26900,3,23784
26950,2,24066
26950,2,44
26950,2,20
27000,1,2077
27000,1,39
27000,1,1957
27050,2,23222
27050,3,8
27050,1,38
27100,3,9
27100,3,21
27100,3,18
27150,3,23627
27150,3,24094
27150,2,23996
27200,3,49
27200,1,25047
27200,1,25398
27250,1,8
27250,2,4
27250,3,4
27300,1,44
27300,3,5
27300,3,20
27350,1,25
27350,2,23256
27350,1,21752
27400,1,8
27400,1,3
27400,2,23
27450,1,23822
27450,3,54
27450,1,33
27500,2,42
27500,3,21
27500,2,34
27550,3,9
27550,1,39
27550,3,23013
27600,2,7
27600,1,23047
27600,1,39
27650,3,2028
27650,3,38
27650,1,23154
27700,1,26
27700,1,16
27700,3,2028
27750,2,42
27750,3,5
27750,3,2315
27800,3,23126
27800,1,2112
27800,3,21095
27850,1,24071
27850,2,28
27850,2,4
27900,3,2153
27900,1,43
27900,2,4
27950,2,8
27950,1,2048
27950,2,38
28000,2,22795
28000,1,2139
28000,3,22012
28050,1,23855
28050,3,28
28050,1,22324
28100,2,23574
28100,2,39
28100,3,5
28150,1,2116
28150,2,22860
28150,3,1931
28200,3,42
28200,3,2104
28200,2,1959
28250,3,53
28250,2,35
28250,1,33
28300,1,2086
28300,3,22
28300,1,3
28350,2,23284
28350,3,21482
28350,3,24
28400,1,7
28400,2,2085
28400,1,1916
28450,1,2088
28450,1,4
28450,3,4
28500,1,22
28500,1,34
28500,3,5
28550,1,2053
28550,2,5
28550,2,22713
28600,3,23113
28600,1,38
28600,1,2046
28650,2,47
28650,2,22638
28650,1,19
28700,2,23708
28700,2,40
28700,3,39
28750,2,43
28750,1,19
28750,1,2135
28800,1,22
28800,3,2088
28800,2,22733
28850,1,23577
28850,1,38
28850,3,21944
28900,1,2137
28900,3,25
28900,1,3
28950,2,2473
28950,3,2320
28950,3,42
29000,2,8
29000,3,5
29000,2,2118
29050,1,2041
29050,2,5
29050,2,1920
29100,3,23352
29100,3,21952
29100,1,37
29150,3,29
29150,1,16
29150,2,7
29200,1,21
29200,3,5
29200,2,36
29250,1,7
29250,1,3
29250,1,2099
29300,2,23339
29300,2,6
29300,3,21
29350,1,24003
29350,3,47
29350,3,21933
29400,1,2111
29400,3,47
29400,2,4
29450,3,23
29450,1,16
29450,2,17
29500,1,26
29500,1,35
29500,1,16
29550,3,2223
29550,3,25043
29550,3,2077
29600,2,2151
29600,2,37
29600,1,33
29650,2,22
29650,1,23708
29650,3,2398
29700,2,49
29700,3,26411
29700,1,48
29750,1,43
29750,3,2432
29750,3,5
29800,2,23
29800,2,23927
29800,3,2086
29850,3,25
29850,1,35
29850,2,25010
29900,1,2227
29900,2,2350
29900,3,5
29950,1,7
29950,1,3
29950,3,21
30000,3,50
30000,2,2412
30000,3,5
30050,2,10
30050,1,36
30050,1,17
30100,2,8
30100,1,3
30100,3,24108
30150,1,10
30150,1,35
30150,1,3
30200,1,24395
30200,1,24
30200,2,22773
30250,1,26961
30250,3,27
30250,2,37
30300,2,25
30300,1,34
30300,1,26505
30350,1,7
30350,2,24017
30350,2,2289
30400,3,2308
30400,1,24231
30400,3,25
30450,3,2199
30450,3,24083
30450,1,23
30500,3,26792
30500,1,2119
30500,3,22
30550,2,12
30550,1,39
30550,3,43
30600,3,26517
30600,3,26207
30600,2,2402
30650,2,45
30650,2,33
30650,2,27408
30700,1,25797
30700,2,13
30700,3,2265
30750,2,52
30750,1,21
30750,1,2220
30800,2,9
30800,3,26460
30800,1,25
30850,1,28446
30850,2,12
30850,2,39
30900,3,11
30900,1,38
30900,3,25
30950,3,28
30950,1,17
30950,1,37
31000,2,26
31000,3,2302
31000,2,5
31050,2,26166
31050,2,26171
31050,3,13
31100,3,37
31100,2,2377
31100,3,42
31150,2,24
31150,3,38
31150,3,18
31200,1,47
31200,2,41
31200,1,31
31250,2,26014
31250,3,24388
31250,3,50
31300,1,28
31300,2,5
31300,1,34
31350,2,54
31350,2,2614
31350,3,35
31400,3,12
31400,3,24736
31400,3,22
31450,3,27
31450,1,3
31450,3,19
31500,1,26
31500,1,16
31500,2,24390
31550,2,2363
31550,1,2146
31550,1,25153
31600,1,2242
31600,1,2191
31600,1,2106
31650,3,10
31650,3,4
31650,3,2291
31700,3,26522
31700,2,2914
31700,1,5
31750,3,2293
31750,3,46
31750,1,32
31800,2,41
31800,1,24981
31800,1,37
31850,2,7
31850,1,3
31850,1,2
31900,3,2429
31900,1,26362
31900,1,2194
31950,1,25358
31950,2,25
31950,2,2345
32000,3,9
32000,2,40
32000,3,35
32050,1,16
32050,2,2434
32050,2,5
32100,3,49
32100,3,2297
32100,1,2222
32150,3,25459
32150,2,2591
32150,2,20
32200,1,7
32200,2,2780
32200,3,23
32250,1,25453
32250,1,28
32250,2,18
32300,1,25330
32300,3,27
32300,1,16
32350,3,30
32350,2,2352
32350,3,41
32400,2,8
32400,1,18
32400,3,2356
32450,3,25
32450,1,2405
32450,2,7
32500,2,26512
32500,1,21
32500,1,23645
32550,1,27468
32550,2,47
32550,3,25787
32600,3,24765
32600,2,42
32600,2,4
32650,2,34
32650,1,25380
32650,2,27
32700,1,46
32700,2,20
32700,1,16
32750,3,24
32750,1,25576
32750,2,2421
32800,2,24752
32800,3,23
32800,3,24121
32850,3,28
32850,3,5
32850,1,3
32900,3,27979
32900,1,32
32900,1,4
32950,3,51
32950,2,28927
32950,1,25284
33000,1,27
33000,3,5
33000,2,2574
33050,1,25920
33050,2,9
33050,3,23329
33100,1,43
33100,2,5
33100,1,33
33150,1,25830
33150,3,46
33150,1,24171
33200,3,25539
33200,1,22
33200,1,16
33250,2,25427
33250,3,7
33250,3,23446
33300,3,42
33300,2,2410
33300,2,43
33350,3,2388
33350,1,35
33350,1,3
33400,2,7
33400,3,5
33400,2,2514
33450,1,2467
33450,2,6
33450,1,25862
33500,2,22
33500,2,2398
33500,1,36
33550,3,2768
33550,3,25800
33550,1,41
33600,2,8
33600,3,41
33600,1,33
33650,3,2454
33650,3,2339
33650,3,5
33700,1,40
33700,3,6
33700,1,32
33750,2,25
33750,1,35
33750,2,18
33800,1,20
33800,1,2384
33800,2,19
33850,1,27786
33850,3,51
33850,2,20
33900,1,46
33900,2,8
33900,1,3
33950,2,2480
33950,2,21
33950,3,26261
34000,1,23
34000,1,2434
34000,1,17
34050,3,10
34050,1,4
34050,3,22
34100,2,8
34100,3,20
34100,1,36
34150,2,2800
34150,3,2391
34150,3,26520
34200,1,2444
34200,1,2433
34200,1,4
34250,3,8
34250,3,20
34250,1,3
34300,1,2484
34300,3,47
34300,3,5
34350,1,42
34350,3,5
34350,1,32
34400,3,9
34400,2,2853
34400,3,39
34450,1,28897
34450,2,10
34450,3,30
34500,2,54
34500,2,33
34500,2,18
34550,2,2552
34550,3,27544
34550,1,2289
34600,2,9
34600,3,26382
34600,2,24279
34650,3,2602
34650,1,38
34650,3,27524
34700,2,7
34700,3,42
34700,2,2516
34750,1,28372
34750,1,10
34750,3,25
34800,1,39417
34800,1,50
34800,1,34
34850,3,34721
34850,1,41
34850,3,5
34900,1,10
34900,3,37
34900,1,2645
34950,2,39
34950,2,22
34950,3,2579
35000,2,11
35000,1,35
35000,1,3
35050,2,32740
35050,3,2456
35050,1,4
35100,3,2948
35100,3,32356
35100,3,2278
35150,3,25
35150,3,38
35150,2,23
35200,1,32325
35200,2,2500
35200,1,2333
35250,3,31
35250,1,37
35250,3,20
35300,1,2537
35300,2,22
35300,3,5
35350,2,2457
35350,2,24
35350,3,34982
35400,1,9
35400,1,18
35400,3,2473
35450,2,26
35450,1,3
35450,3,18
35500,3,36625
35500,2,32620
35500,2,11
35550,3,33
35550,3,5
35550,2,39
35600,2,10
35600,3,34866
35600,2,32
35650,3,31
35650,3,2625
35650,2,23
35700,1,24
35700,3,38
35700,1,33602
35750,3,32
35750,1,36
35750,1,32
35800,1,42
35800,2,33368
35800,3,24
35850,1,23
35850,1,3
35850,3,4
35900,3,9
35900,1,20
35900,2,38
35950,3,34003
35950,1,2493
35950,1,8
36000,1,24
36000,2,4
36000,1,15
36050,2,24
36050,2,43
36050,3,18
36100,1,2588
36100,1,2359
36100,3,21
36150,1,24
36150,2,2943
36150,3,35756
36200,2,28
36200,1,2477
36200,3,24
36250,1,32327
36250,3,29792
36250,1,30536
36300,3,32702
36300,3,9
36300,3,39
36350,3,26
36350,2,17
36350,1,16
36400,1,22
36400,3,2553
36400,2,37
36450,1,2598
36450,1,35
36450,1,32693
36500,3,27
36500,2,32842
36500,3,23
36550,2,15
36550,3,23
36550,3,5
36600,1,44
36600,2,26
36600,2,4
36650,1,35
36650,3,45
36650,2,32691
36700,3,42
36700,3,32685
36700,1,2579
36750,2,10
36750,1,33444
36750,1,2721
36800,1,43
36800,1,3
36800,2,2621
36850,3,50
36850,1,18
36850,1,2585
36900,2,2576
36900,1,4
36900,1,36
36950,2,33198
36950,1,21
36950,2,4
37000,3,10
37000,2,2570
37000,3,20
37050,1,20
37050,1,3
37050,1,34
37100,2,2845
37100,2,5
37100,1,36804
37150,2,29
37150,2,44
37150,3,5
37200,2,3376
37200,2,10
37200,3,4
37250,2,8
37250,1,3
37250,1,2612
37300,3,36096
37300,1,23
37300,1,17
37350,3,33685
37350,2,23
37350,3,31345
37400,1,2749
37400,1,5
37400,2,2561
37450,1,10
37450,1,39
37450,1,35094
37500,3,32623
37500,2,7
37500,2,2673
37550,1,44
37550,2,2691
37550,2,5
37600,1,35691
37600,1,22
37600,3,2695
37650,3,47
37650,1,2735
37650,3,3056
37700,1,22
37700,1,2596
37700,3,2456
37750,3,32
37750,3,48
37750,2,22
37800,3,28
37800,1,4
37800,3,19
37850,1,51
37850,3,37
37850,1,35400
37900,3,2652
37900,2,45
37900,1,3
37950,1,32
37950,2,24
37950,3,36389
38000,2,2802
38000,2,32909
38000,1,39
38050,1,33675
38050,1,39
38050,3,5
38100,2,42
38100,1,4
38100,3,19
38150,1,36647
38150,2,2765
38150,2,6
38200,3,12
38200,3,5
38200,1,3
38250,1,44
38250,3,42
38250,1,32
38300,2,32756
38300,2,3002
38300,3,41
38350,3,2607
38350,1,4
38350,2,19
38400,3,9
38400,1,2600
38400,3,2553
38450,3,9
38450,3,5
38450,2,3
38500,2,44
38500,2,24
38500,1,31
38550,1,24
38550,1,16
38550,2,37
38600,2,8
38600,2,19
38600,1,35
38650,2,35841
38650,2,35243
38650,1,2685
38700,1,23
38700,2,4
38700,2,19
38750,1,8
38750,3,5
38750,3,5
38800,2,2660
38800,2,2642
38800,2,2802
38850,2,3008
38850,1,2477
38850,3,33770
38900,2,54
38900,1,4
38900,3,20
38950,2,2600
38950,1,36
38950,1,37
39000,1,38
39000,2,3007
39000,3,41
39050,3,3029
39050,1,34456
39050,1,43
39100,2,44
39100,2,36246
39100,1,37890
39150,2,32
39150,1,2875
39150,2,45
39200,2,31
39200,3,2788
39200,1,35
39250,1,40
39250,1,17
39250,3,23
39300,1,37
39300,1,37
39300,1,16
39350,2,25
39350,3,36336
39350,3,37458
39400,1,36404
39400,3,13
39400,2,4
39450,2,2709
39450,1,35188
39450,2,2665
39500,1,47
39500,1,6
39500,3,36042
39550,1,8
39550,1,35
39550,2,23
39600,2,29
39600,2,23
39600,3,5
39650,2,38448
39650,3,37605
39650,1,30
39700,1,43
39700,3,5
39700,1,20
39750,3,54
39750,2,4
39750,2,36
39800,2,43
39800,1,3
39800,2,3
39850,1,48
39850,1,37975
39850,3,68
39900,3,35833
39900,1,7
39900,2,4
39950,1,42
39950,1,2715
39950,3,10
40000,1,9
40000,1,37249
40000,3,36974
40050,2,43
40050,2,36148
40050,2,36107
40100,1,24
40100,1,37220
40100,3,45
40150,1,37843
40150,2,50
40150,3,24
40200,1,2860
40200,1,36
40200,3,21
40250,2,28
40250,1,39787
40250,2,17
40300,1,23
40300,1,34
40300,2,4
40350,2,10
40350,3,37258
40350,2,2889
40400,2,38298
40400,2,2572
40400,2,21
40450,2,10
40450,3,49
40450,2,3278
40500,3,3210
40500,3,37387
40500,1,45
40550,3,31
40550,2,5
40550,1,4
40600,2,3225
40600,3,44
40600,3,39
40650,1,37340
40650,3,36
40650,1,18
40700,1,30
40700,3,7
40700,2,2904
40750,1,24
40750,1,38546
40750,1,38734
40800,3,50
40800,2,4
40800,1,2900
40850,1,3655
40850,1,2799
40850,3,44
40900,2,11
40900,3,37246
40900,2,3239
40950,2,63
40950,2,53
40950,3,39414
41000,2,2818
41000,3,9
41000,1,2614
41050,2,49
41050,1,36
41050,2,3078
41100,1,13
41100,2,3017
41100,2,36177
41150,3,30
41150,1,43
41150,2,40654
41200,1,44249
41200,3,48
41200,3,38277
41250,3,35
41250,1,3236
41250,2,2635
41300,3,34
41300,2,3476
41300,3,35748
41350,1,24
41350,3,2877
41350,2,6
41400,3,38599
41400,1,23
41400,2,19
41450,3,36275
41450,1,9
41450,2,2942
41500,1,14
41500,3,3310
41500,3,38631
41550,3,39668
41550,2,26
41550,2,2715
41600,3,13
41600,3,39
41600,2,4
41650,1,2762
41650,1,4
41650,3,37973
41700,2,13
41700,1,39
41700,2,4
41750,3,34280
41750,2,2765
41750,2,2619
41800,3,3194
41800,1,36
41800,1,2782
41850,2,3591
41850,3,3054
41850,1,35353
41900,1,43
41900,2,24
41900,1,3
41950,1,2820
41950,2,34755
41950,3,9
42000,3,9
42000,1,18
42000,1,35359
42050,2,8
42050,3,34429
42050,1,2748
42100,3,38372
42100,2,36421
42100,2,39096
42150,2,36717
42150,1,3110
42150,3,37942
42200,1,2915
42200,3,35913
42200,3,25
42250,3,53
42250,1,38127
42250,1,13
42300,2,9
42300,2,22
42300,2,22
42350,2,26
42350,1,20
42350,2,40
42400,3,14
42400,1,3210
42400,3,55
42450,3,2901
42450,1,38920
42450,3,39165
42500,2,29
42500,2,21
42500,1,3090
42550,3,10
42550,1,3
42550,1,3160
42600,2,2781
42600,3,40026
42600,1,25
42650,1,39140
42650,1,37485
42650,3,3067
42700,2,3560
42700,1,2788
42700,3,23
42750,1,25
42750,2,4
42750,2,17
42800,1,2889
42800,3,2702
42800,1,3
42850,2,52
42850,1,37062
42850,1,33434
42900,1,42
42900,2,40221
42900,1,39
42950,3,3026
42950,1,4
42950,2,4
43000,1,9
43000,1,19
43000,2,23
43050,3,50
43050,2,8
43050,1,3007
43100,2,14
43100,1,40152
43100,1,14
43150,2,36963
43150,1,42
43150,3,21
43200,1,3146
43200,3,9
43200,2,2884
43250,2,35670
43250,1,33513
43250,2,25
43300,3,35189
43300,3,32861
43300,2,32407
43350,1,7
43350,1,36514
43350,1,25
43400,3,60
43400,3,3095
43400,3,2914
43450,3,27
43450,2,43
43450,2,40389
43500,1,44
43500,3,37
43500,3,36
43550,3,47
43550,3,56
43550,2,3885
43600,1,8
43600,3,42
43600,2,4
43650,1,46
43650,3,42
43650,3,3833
43700,3,30
43700,3,3905
43700,1,40
43750,2,38907
43750,3,4280
43750,2,7
43800,3,53
43800,3,24
43800,1,4148
43850,2,4616
43850,2,26
43850,3,64
43900,3,32
43900,1,38
43900,2,4
43950,3,3793
43950,1,38750
43950,3,29
44000,3,11
44000,3,3619
44000,1,3488
44050,1,11
44050,3,38673
44050,1,21
44100,3,37136
44100,1,42
44100,1,4
44150,3,52
44150,3,36
44150,2,39593
44200,1,3699
44200,1,4
44200,2,4110
44250,1,22
44250,3,39
44250,1,36201
44300,2,35562
44300,2,9
44300,2,4
44350,3,59
44350,2,26
44350,2,18
44400,2,42
44400,2,3750
44400,3,3531
44450,1,38739
44450,3,15
44450,1,18
44500,1,4020
44500,3,11
44500,2,37
44550,2,3887
44550,3,3644
44550,1,40201
44600,1,55
44600,1,41502
44600,2,39295
44650,3,38747
44650,2,30
44650,3,4215
44700,2,13
44700,1,19
44700,2,4
44750,2,36448
44750,2,3950
44750,1,3
44800,2,13
44800,3,20
44800,1,36488
44850,2,11
44850,2,44
44850,1,19
44900,2,45
44900,1,21
44900,3,5
44950,2,23
44950,3,38
44950,3,18
45000,2,9
45000,1,39
45000,3,20
45050,2,37016
45050,1,35086
45050,2,10
45100,1,22
45100,3,37
45100,2,17
45150,2,3755
45150,1,38
45150,1,3594
45200,3,51
45200,3,3770
45200,2,4
45250,2,35
45250,2,18
45250,2,3887
45300,1,11
45300,1,41
45300,1,18
45350,2,4252
45350,1,3558
45350,2,8
45400,3,9
45400,1,37244
45400,3,33341
45450,2,4225
45450,3,36451
45450,2,9
45500,1,10
45500,1,3960
45500,1,21
45550,2,9
45550,2,20
45550,1,3754
45600,2,3802
45600,3,3652
45600,2,40895
45650,1,26
45650,2,39189
45650,1,23
45700,2,9
45700,2,4
45700,3,8
45750,1,3832
45750,2,6
45750,3,25
45800,1,43
45800,1,36924
45800,3,11
45850,1,3828
45850,2,40
45850,1,33
45900,1,42
45900,3,5
45900,1,3858
45950,1,3982
45950,3,6
45950,2,36251
46000,3,39867
46000,2,41953
46000,1,46
46050,1,12
46050,1,18
46050,3,4173
46100,1,4127
46100,2,34
46100,2,22
46150,1,9
46150,2,19
46150,3,39
46200,3,28
46200,1,19
46200,2,40007
46250,3,48
46250,1,35
46250,3,41586
46300,1,4533
46300,2,11
46300,3,42609
46350,2,39310
46350,1,28
46350,2,5
46400,1,55
46400,3,50
46400,2,5
46450,3,11
46450,1,41200
46450,2,14
46500,2,28
46500,2,42087
46500,1,27
46550,3,4251
46550,1,21
46550,2,40
46600,3,4375
46600,3,3901
46600,2,4000
46650,2,4144
46650,1,20
46650,3,8
46700,3,41091
46700,3,36167
46700,1,45
46750,3,31
46750,1,6
46750,3,4528
46800,1,48
46800,3,23
46800,1,4781
46850,2,4978
46850,1,4475
46850,2,66142
46900,2,35
46900,1,19
46900,2,15
46950,2,41621
46950,3,4989
46950,2,5403
47000,1,4652
47000,1,25
47000,3,8
47050,2,4640
47050,3,9
47050,2,42531
47100,3,43
47100,3,36
47100,1,37
47150,3,49
47150,1,23
47150,3,47
47200,3,59
47200,2,38999
47200,3,31
47250,1,33
47250,3,48
47250,1,40736
47300,3,39211
47300,3,53
47300,3,36058
47350,3,56
47350,2,47
47350,1,21
47400,1,4530
47400,3,48
47400,1,37
47450,3,4704
47450,3,30
47450,1,39963
47500,2,4818
47500,2,12
47500,3,4438
47550,2,30
47550,3,55
47550,2,4771
47600,1,42398
47600,3,74
47600,2,24
47650,1,42
47650,2,32
47650,3,40985
47700,2,35
47700,2,42015
47700,2,4936
47750,3,42285
47750,3,4926
47750,1,22
47800,3,5200
47800,2,13
47800,2,40858
47850,2,42
47850,3,63
47850,2,21
47900,3,67
47900,2,43
47900,2,5587
47950,2,20
47950,3,47
47950,1,23
48000,3,44100
48000,1,62
48000,2,4427
48050,2,43682
48050,3,43028
48050,1,29
48100,3,41
48100,3,23
48100,2,27
48150,2,5911
48150,2,35
48150,2,5124
48200,2,53
48200,2,51
48200,1,41665
48250,2,4731
48250,1,12
48250,1,45
48300,1,53
48300,2,5198
48300,3,15
48350,2,39518
48350,3,4718
48350,1,21
48400,1,18
48400,2,4622
48400,1,39462
48450,3,4695
48450,2,59
48450,1,22
48500,2,56
48500,2,4877
48500,2,4376
48550,1,41308
48550,1,22
48550,2,14
48600,2,39519
48600,3,18
48600,1,22
48650,1,30
48650,2,41423
48650,1,61
48700,1,26
48700,2,21
48700,1,43180
48750,2,4757
48750,3,65
48750,1,42079
48800,3,4890
48800,2,34
48800,3,14
48850,2,32
48850,3,15
48850,2,25
48900,3,61
48900,3,14
48900,1,11
48950,3,18
48950,2,13
48950,1,24
49000,1,18
49000,2,50
49000,3,24
49050,3,40221
49050,2,37898
49050,1,37832
49100,1,40485
49100,3,4798
49100,3,49
49150,3,40135
49150,3,28
49150,2,22
49200,2,20
49200,1,40519
49200,1,15
49250,1,50
49250,1,40806
49250,2,5028
49300,3,4773
49300,2,25
49300,2,40561
49350,3,28
49350,2,20
49350,2,47
49400,3,4836
49400,1,14
49400,2,24
49450,1,40718
49450,1,37778
49450,2,21
49500,3,18
49500,3,63
49500,2,55
49550,2,74
49550,3,17
49550,3,68
49600,1,41175
49600,3,70
49600,1,38279
49650,3,20
49650,1,11
49650,1,40952
49700,3,36
49700,3,41727
49700,2,31
49750,2,21
49750,2,61
49750,3,25
49800,3,75
49800,3,4700
49800,3,58
49850,1,41033
49850,3,27
49850,1,4795
49900,3,4911
49900,2,4558
49900,2,70
49950,1,41813
49950,2,26
49950,1,39005
50000,3,41276
50000,3,66
50000,2,26
50050,3,41122
50050,1,64
50050,3,4821
50100,2,41008
50100,1,28
50100,3,64
50150,3,29
50150,3,41002
50150,1,27
50200,1,64
50200,3,26
50200,3,18
50250,2,4762
50250,1,41557
50250,3,34
50300,2,41434
50300,2,29
50300,3,18
50350,1,41950
50350,2,5326
50350,2,29
50400,1,34
50400,1,16
50400,3,4949
50450,3,32
50450,2,17
50450,1,4755
50500,2,45555
50500,3,40127
50500,3,20
50550,1,4837
50550,1,19
50550,3,19
50600,3,41640
50600,3,39789
50600,2,22
50650,1,42218
50650,1,24
50650,2,5191
50700,3,43127
50700,2,37
50700,2,29
50750,2,41131
50750,3,5027
50750,3,20
50800,2,37
50800,2,41730
50800,1,32
50850,1,43115
50850,2,69
50850,3,5070
50900,1,42
50900,1,44470
50900,2,75
50950,1,5122
50950,1,40
50950,2,4695
51000,3,26
51000,2,64
51000,1,32
51050,1,70
51050,2,5144
51050,3,21
51100,3,83
51100,3,20
51100,2,31
51150,1,35
51150,1,29
51150,1,63
51200,1,35
51200,1,28
51200,2,5759
51250,1,68
51250,2,61
51250,1,42827
51300,2,80
51300,3,68
51300,3,5781
51350,1,44
51350,1,67
51350,1,27
51400,2,27
51400,3,5214
51400,3,21
51450,2,5044
51450,2,67
51450,2,73
51500,3,29
51500,3,43247
51500,2,25
51550,3,5116
51550,3,42641
51550,2,70
51600,3,74
51600,1,42951
51600,3,39697
51650,1,69
51650,1,5298
51650,2,27
51700,2,88
51700,3,23
51700,3,5449
51750,2,45464
51750,3,41494
51750,3,27
51800,3,43292
51800,1,27
51800,2,5455
51850,1,46667
51850,2,50
51850,3,45492
51900,3,72
51900,2,23
51900,3,34
51950,1,43531
51950,1,31
51950,1,40865
52000,3,42600
52000,2,75
52000,3,66
52050,2,5450
52050,2,24
52050,3,5085
52100,3,33
52100,1,44124
52100,2,72
52150,2,44555
52150,2,38
52150,3,24
52200,2,43412
52200,1,5728
52200,3,5169
52250,3,36
52250,3,5593
52250,3,68
52300,1,31
52300,2,94
52300,2,63
52350,3,69
52350,2,61
52350,2,44858
52400,2,37
52400,3,85
52400,1,73
52450,1,5710
52450,1,43494
52450,2,27
52500,3,40
52500,1,74
52500,1,44909
52550,3,35
52550,3,23
52550,2,5805
52600,2,40
52600,1,22
52600,3,67
52650,2,44005
52650,1,41393
52650,1,38
52700,2,27
52700,2,43437
52700,1,41299
52750,2,5707
52750,2,28
52750,1,65
52800,2,6630
52800,3,70
52800,1,21
52850,3,5830
52850,1,22
52850,1,33
52900,1,46296
52900,3,43559
52900,3,74
52950,1,5906
52950,3,46
52950,1,68
53000,2,47
53000,1,64
53000,3,5867
53050,1,28
53050,1,20
53050,3,22
53100,3,6038
53100,2,43507
53100,3,40984
53150,2,38
53150,2,5918
53150,2,80
53200,1,47897
53200,3,48342
53200,2,6337
53250,1,78
53250,1,6700
53250,2,47417
53300,2,6096
53300,2,69
53300,1,34
53350,1,6325
53350,2,45
53350,1,50394
53400,1,6132
53400,1,6342
53400,1,38
53450,3,46
53450,1,33
53450,3,27
53500,2,86
53500,1,49697
53500,3,8252
53550,2,7928
53550,2,43
53550,2,7430
53600,3,80
53600,2,37
53600,2,29
53650,2,41
53650,1,70
53650,1,50127
53700,3,100
53700,3,63
53700,1,8846
53750,3,89
53750,3,45
53750,1,8102
53800,3,45
53800,1,35
53800,2,9370
53850,2,41
53850,1,50199
53850,2,8293
53900,3,50
53900,1,40
53900,2,37
53950,2,50876
53950,1,47630
53950,3,49
54000,3,49574
54000,1,78
54000,3,49266
54050,1,51220
54050,1,44
54050,1,8424
54100,1,49823
54100,2,88
54100,1,8267
54150,3,46
54150,3,33
54150,1,35
54200,1,51725
54200,3,64
54200,2,37
54250,2,41
54250,1,34
54250,2,66
54300,3,75
54300,1,50978
54300,2,8367
54350,3,47
54350,3,75
54350,1,35
54400,2,8358
54400,1,51629
54400,3,132
54450,2,80
54450,2,42
54450,2,38
54500,3,49066
54500,2,76
54500,1,50874
54550,2,51123
54550,1,83
54550,2,65
54600,1,52
54600,2,48096
54600,2,8237
54650,2,55
54650,2,8322
54650,2,8035
54700,3,51
54700,1,34
54700,3,49
54750,2,44
54750,2,50840
54750,2,46169
54800,2,49
54800,2,51713
54800,1,51
54850,3,91
54850,3,50089
54850,3,81
54900,1,39
54900,1,8939
54900,2,9479
54950,1,9019
54950,3,54
54950,2,40
55000,2,8365
55000,1,76
55000,1,67
55050,3,50855
55050,3,49
55050,1,73
55100,1,71
55100,2,9467
55100,2,44957
55150,3,55
55150,2,79
55150,1,37
55200,2,42
55200,1,65
55200,3,62
55250,1,77
55250,1,8649
55250,3,43
55300,1,46037
55300,1,73
55300,3,67
55350,3,48068
55350,2,58
55350,3,44
55400,3,94
55400,3,38
55400,1,61
55450,3,49119
55450,3,47
55450,2,9018
55500,1,42
55500,1,33
55500,2,37
55550,3,65
55550,2,53
55550,2,46735
55600,2,45706
55600,1,8255
55600,2,65
55650,3,9392
55650,3,68
55650,3,8132
55700,1,46789
55700,3,8267
55700,1,66
55750,3,85
55750,2,45
55750,3,45819
55800,2,9427
55800,1,36
55800,2,36
55850,2,8744
55850,1,47351
55850,2,75
55900,3,8913
55900,1,52013
55900,3,48138
55950,1,8987
55950,2,72
55950,3,8108
56000,2,49
56000,3,36
56000,3,36
56050,1,46
56050,3,68
56050,2,62
56100,1,50
56100,3,48175
56100,1,8477
56150,3,77
56150,3,46378
56150,3,59
56200,2,8745
56200,2,46908
56200,3,49
56250,2,52
56250,3,47350
56250,1,75
56300,1,69
56300,1,36
56300,3,58
56350,1,48
56350,2,8855
56350,3,45
56400,2,8721
56400,1,37
56400,1,47875
56450,2,58
56450,2,8960
56450,3,8468
56500,3,46
56500,2,71
56500,3,37
56550,2,69
56550,3,71
56550,3,47
56600,3,47089
56600,2,9276
56600,1,44401
56650,2,73
56650,3,39
56650,1,35
56700,3,74
56700,1,47526
56700,3,46
56750,1,40
56750,3,70
56750,1,48523
56800,3,8973
56800,1,47582
56800,1,49
56850,1,72
56850,2,79
56850,3,48
56900,2,9033
56900,3,44
56900,2,36
56950,2,72
56950,3,47
56950,2,47409
57000,1,47955
57000,2,8934
57000,3,40
57050,2,9165
57050,1,39
57050,2,68
57100,3,53
57100,2,67
57100,1,61
57150,1,81
57150,2,54
57150,3,9179
57200,3,56
57200,3,9016
57200,1,8555
57250,1,81
57250,3,113
57250,1,49679
57300,3,48122
57300,1,51
57300,1,37
57350,2,46
57350,1,36
57350,1,35
57400,1,9322
57400,2,43
57400,2,66
57450,3,9387
57450,3,58
57450,2,8709
57500,1,49382
57500,3,74
57500,3,41
57550,3,51
57550,1,49145
57550,1,45893
57600,1,50020
57600,3,46941
57600,1,76
57650,1,9275
57650,3,10084
57650,2,48311
57700,3,93
57700,2,48774
57700,1,50017
57750,1,9387
57750,3,49
57750,3,117
57800,2,49335
57800,3,9106
57800,3,40
57850,1,9503
57850,3,44
57850,3,36
57900,1,59
57900,2,10914
57900,3,8991
57950,3,49
57950,2,36
57950,1,49816
58000,2,100
58000,1,71
58000,3,76
58050,2,50657
58050,3,46772
58050,1,85
58100,3,100
58100,2,51
58100,1,75
58150,1,79
58150,2,10642
58150,1,72
58200,1,53
58200,3,51116
58200,2,85
58250,1,77
58250,3,50820
58250,1,48017
58300,2,49100
58300,1,50178
58300,1,9345
58350,2,51895
58350,2,83
58350,2,79
58400,2,64
58400,2,55
58400,1,9630
58450,1,51
58450,1,42
58450,2,45
58500,2,11146
58500,2,50260
58500,1,79
58550,2,93
58550,2,42
58550,3,82
58600,3,82
58600,3,58
58600,1,51230
58650,2,83
58650,3,9807
58650,1,9394
58700,3,103
58700,3,74
58700,2,49447
58750,3,61
58750,3,84
58750,2,43
58800,2,91
58800,3,41
58800,3,50577
58850,3,52289
58850,3,81
58850,3,9376
58900,2,52
58900,1,9765
58900,2,43
58950,1,84
58950,1,70
58950,3,11294
59000,3,50635
59000,2,9569
59000,3,51465
59050,1,81
59050,1,50904
59050,3,52
59100,3,9557
59100,1,9026
59100,1,51209
59150,3,79
59150,2,85
59150,1,76
59200,3,120
59200,2,50506
59200,2,46934
59250,2,48
59250,3,81
59250,1,50605
59300,1,82
59300,1,43
59300,3,79
59350,2,9952
59350,1,46
59350,2,9109
59400,3,9853
59400,3,49380
59400,2,10246
59450,2,57
59450,3,45
59450,1,85
59500,2,48
59500,3,41
59500,2,44
59550,2,89
59550,1,10113
59550,3,9552
59600,1,10187
59600,1,46
59600,3,9389
59650,3,9907
59650,1,46
59650,3,58
59700,3,88
59700,3,51178
59700,1,63
59750,2,52565
59750,1,48732
59750,1,11922
59800,1,10316
59800,2,65
59800,2,79
59850,3,56898
59850,1,52516
59850,2,51856
59900,1,83
59900,1,58
59900,2,51822
59950,1,57111
59950,1,98
59950,2,55379
60000,3,10956
60000,2,54822
60000,3,10528
60050,1,10438
60050,2,87
60050,1,64
60100,1,85
60100,3,77
60100,3,75
60150,1,86
60150,1,72
60150,1,10177
60200,3,83
60200,1,55801
60200,3,54661
60250,2,94
60250,3,53
60250,1,61
60300,2,89
60300,3,10428
60300,1,74
60350,1,52
60350,3,47
60350,1,46
60400,1,52447
60400,1,89
60400,1,49622
60450,1,52479
60450,1,48981
60450,1,49456
60500,3,73
60500,3,50
60500,3,51612
60550,3,74
60550,3,51807
60550,3,11280
60600,3,53
60600,3,81
60600,3,74
60650,2,77
60650,2,10405
60650,3,87
60700,3,56554
60700,2,11728
60700,2,10615
60750,1,88
60750,2,51
60750,2,57432
60800,1,76
60800,2,10771
60800,3,58
60850,1,58822
60850,2,81
60850,1,10452
60900,2,12742
60900,1,53
60900,2,58922
60950,3,76
60950,1,67
60950,1,11042
61000,1,59386
61000,1,59420
61000,1,95
61050,3,73
61050,1,82
61050,3,57552
61100,3,11134
61100,3,60498
61100,2,10880
61150,1,57256
61150,3,13345
61150,2,11435
61200,3,10895
61200,1,59084
61200,2,11208
61250,1,60163
61250,1,81
61250,3,10983
61300,1,59017
61300,1,59
61300,2,89
61350,2,55708
61350,1,11016
61350,1,102
61400,2,97
61400,1,61024
61400,1,71
61450,1,11712
61450,1,69
61450,2,63
61500,2,57
61500,3,90
61500,2,57653
61550,2,81
61550,2,72
61550,2,61222
61600,2,96
61600,1,68
61600,1,72
61650,1,55473
61650,2,57850
61650,3,56
61700,2,56
61700,3,11147
61700,2,10313
61750,2,63
61750,1,10750
61750,3,10491
61800,2,72
61800,3,11442
61800,1,54
61850,3,58838
61850,2,95
61850,1,61
61900,2,12561
61900,2,96
61900,2,64
61950,3,58313
61950,3,85
61950,3,10817
62000,3,10880
62000,2,61560
62000,3,106
62050,1,11101
62050,2,70
62050,3,11922
62100,3,76
62100,2,102
62100,3,70
62150,1,57058
62150,1,11275
62150,2,10148
62200,1,86
62200,1,70
62200,3,67
62250,1,57816
62250,3,94
62250,3,71
62300,1,65
62300,2,55049
62300,2,70
62350,3,102
62350,2,10822
62350,2,95
62400,2,107
62400,1,10831
62400,3,12611
62450,1,58917
62450,3,97
62450,3,54444
62500,2,11029
62500,3,99
62500,1,60
62550,2,12919
62550,3,59444
62550,3,82
62600,1,92
62600,2,73
62600,1,75
62650,2,97
62650,3,76
62650,3,57047
62700,2,11444
62700,2,13128
62700,1,57914
62750,1,57334
62750,2,11051
62750,3,57796
62800,2,57779
62800,1,70
62800,2,56357
62850,2,10983
62850,3,56473
62850,3,50871
62900,1,66
62900,2,54667
62900,3,68
62950,2,68
62950,2,64
62950,2,71
63000,2,69
63000,2,55672
63000,3,79
63050,3,79
63050,2,65
63050,2,11461
63100,2,58759
63100,2,12006
63100,3,87
63150,1,11472
63150,1,62
63150,2,57238
63200,1,61690
63200,1,104
63200,2,72
63250,3,11642
63250,2,67
63250,1,61420
63300,3,11623
63300,1,82
63300,3,11034
63350,1,84
63350,1,58366
63350,2,56867
63400,2,87
63400,3,13560
63400,2,63
63450,2,76
63450,3,61
63450,3,11705
63500,1,60712
63500,3,105
63500,3,11215
63550,2,61648
63550,1,11209
63550,1,69
63600,2,67
63600,1,54
63600,3,86
63650,2,57889
63650,2,59352
63650,1,98
63700,2,118
63700,1,11885
63700,1,63
63750,1,79
63750,2,83
63750,2,85
63800,2,57750
63800,2,106
63800,2,13380
63850,1,94
63850,1,62
63850,1,74
63900,2,72
63900,2,60
63900,2,63
63950,1,59201
63950,1,77
63950,3,57235
64000,3,78
64000,3,74
64000,3,61934
64050,1,61167
64050,3,86
64050,1,11659
64100,1,69
64100,3,86
64100,1,61902
64150,3,59990
64150,1,12646
64150,2,12025
64200,3,59461
64200,1,12218
64200,3,62618
64250,2,85
64250,1,58
64250,3,66
64300,2,103
64300,1,72944
64300,3,86
64350,3,12562
64350,3,74987
64350,3,11778
64400,2,81
64400,3,12812
64400,2,65
64450,1,80
64450,2,84
64450,2,72
64500,3,88
64500,2,68
64500,3,11653
64550,2,11649
64550,2,75199
64550,1,82
64600,2,73
64600,2,64
64600,1,65
64650,3,71
64650,3,84
64650,2,63
64700,2,70099
64700,1,62987
64700,3,86
64750,1,74
64750,2,81
64750,3,68175
64800,1,68215
64800,3,73501
64800,3,66480
64850,1,11920
64850,1,63
64850,3,66264
64900,2,11647
64900,1,69
64900,2,10958
64950,2,85
64950,1,81
64950,1,67808
65000,3,77
65000,3,69
65000,1,11916
65050,1,72
65050,3,11739
65050,1,62
65100,1,12107
65100,2,12607
65100,2,94
65150,3,90
65150,1,67879
65150,2,79
65200,1,90
65200,3,69211
65200,3,10955
65250,3,13662
65250,2,99
65250,1,72825
65300,1,110
65300,1,12390
65300,2,10754
65350,1,106
65350,2,81
65350,3,82
65400,1,68017
65400,2,98
65400,2,77
65450,3,93
65450,2,74
65450,1,85
65500,3,105
65500,2,77
65500,3,73479
65550,2,94
65550,3,79
65550,3,12167
65600,1,70
65600,3,90
65600,3,72
65650,3,14832
65650,3,104
65650,1,80
65700,2,11835
65700,2,11130
65700,2,90
65750,2,95
65750,1,12665
65750,2,77
65800,2,12440
65800,3,120
65800,3,13176
65850,1,75
65850,2,119
65850,2,87
65900,2,68964
65900,1,12170
65900,3,100
65950,3,78
65950,3,72661
65950,1,88
66000,3,83
66000,2,132
66000,2,134
66050,2,100
66050,3,72498
66050,3,12282
66100,2,84
66100,1,73143
66100,1,71
66150,3,89
66150,2,12216
66150,3,11537
66200,1,75
66200,1,71461
66200,3,68596
66250,2,72025
66250,3,64690
66250,2,74
66300,2,91
66300,1,77
66300,2,106
66350,2,86
66350,1,114
66350,1,75599
66400,1,73
66400,3,75
66400,3,75245
66450,2,98
66450,2,151
66450,2,105
66500,2,93
66500,2,93
66500,1,120
66550,1,88
66550,1,119
66550,1,69262
66600,3,88
66600,3,67
66600,3,77398
66650,3,12339
66650,2,68
66650,3,78
66700,2,152
66700,3,67
66700,3,12060
66750,1,126
66750,3,77
66750,1,60
66800,3,12199
66800,1,79
66800,3,64
66850,3,97
66850,1,73
66850,3,150
66900,3,78
66900,1,61
66900,2,63
66950,2,105
66950,1,69847
66950,1,87
67000,1,12539
67000,1,120
67000,1,105
67050,2,105
67050,1,132
67050,3,80
67100,3,136
67100,2,98
67100,1,85
67150,1,126
67150,3,106
67150,2,64
67200,3,71767
67200,2,83
67200,3,12101
67250,1,74
67250,3,14361
67250,2,73
67300,2,12048
67300,2,145
67300,3,71
67350,1,91
67350,1,72
67350,1,60
67400,2,94
67400,2,12647
67400,2,11657
67450,2,153
67450,1,69763
67450,3,98
67500,1,74826
67500,3,74538
67500,2,11926
67550,1,70491
67550,2,123
67550,2,119
67600,1,71154
67600,3,12251
67600,3,124
67650,1,84
67650,3,95
67650,2,70752
67700,2,14407
67700,1,11782
67700,3,11517
67750,1,13701
67750,3,76850
67750,3,12532
67800,2,69095
67800,1,12418
67800,3,161
67850,1,70242
67850,3,71786
67850,2,126
67900,2,79
67900,1,12951
67900,2,91
67950,2,74250
67950,3,88
67950,1,125
68000,2,12451
68000,2,149
68000,1,90
68050,2,153
68050,2,78
68050,1,75
68100,1,77456
68100,2,136
68100,3,89
68150,3,95
68150,3,119
68150,2,12941
68200,1,98
68200,1,75
68200,1,73860
68250,2,74480
68250,1,78
68250,3,134
68300,1,15316
68300,3,102
68300,3,14096
68350,1,74
68350,2,15260
68350,1,15656
68400,2,71909
68400,1,16014
68400,1,79
68450,2,82
68450,3,84
68450,2,118
68500,1,72167
68500,3,80
68500,3,68
68550,3,87
68550,2,116
68550,3,109
68600,3,88
68600,2,15403
68600,1,69
68650,1,82
68650,3,77305
68650,2,72659
68700,1,72644
68700,2,14732
68700,1,115
68750,1,73893
68750,1,92
68750,2,75966
68800,3,15251
68800,1,73341
68800,3,91
68850,1,104
68850,2,71007
68850,1,68955
68900,3,92
68900,2,15434
68900,3,91
68950,1,78
68950,1,133
68950,3,73022
69000,1,15573
69000,1,71
69000,1,72227
69050,3,160
69050,3,95
69050,1,77
69100,3,100
69100,1,68
69100,3,130
69150,1,79
69150,1,115
69150,2,15574
69200,2,15739
69200,3,71551
69200,2,70973
69250,3,165
69250,2,116
69250,3,79421
69300,3,148
69300,3,93
69300,2,119
69350,1,103
69350,2,90
69350,2,101
69400,3,109
69400,2,73948
69400,1,97
69450,3,99
69450,2,125
69450,1,109
69500,1,76
69500,1,62
69500,1,62
69550,3,92
69550,1,16456
69550,1,93
69600,1,106
69600,1,83
69600,3,114
69650,1,75440
69650,2,140
69650,1,106
69700,3,74443
69700,2,85
69700,3,68
69750,2,16462
69750,2,106
69750,1,72
69800,3,73402
69800,2,85
69800,3,90
69850,3,97
69850,3,121
69850,3,68
69900,2,129
69900,1,15782
69900,1,93
69950,1,94
69950,2,122
69950,3,75
70000,3,106
70000,3,81
70000,3,98
70050,1,15943
70050,1,75817
70050,3,138
70100,2,15821
70100,1,93
70100,3,74483
70150,1,15804
70150,2,15127
70150,2,129
70200,1,77
70200,1,65
70200,3,123
70250,1,92
70250,1,73935
70250,1,15961
70300,3,17792
70300,2,15523
70300,2,77425
70350,2,146
70350,2,120
70350,2,77796
70400,3,112
70400,3,122
70400,1,74
70450,1,81801
70450,1,15817
70450,1,94
70500,3,163
70500,3,74
70500,1,15953
70550,3,78968
70550,3,103
70550,1,81
70600,3,193
70600,3,94
70600,1,15794
70650,1,129
70650,2,92
70650,2,90
70700,1,131
70700,1,15997
70700,2,97
70750,3,77589
70750,3,86
70750,1,88
70800,2,116
70800,3,100
70800,3,66
70850,2,116
70850,1,143
70850,1,111
70900,1,125
70900,3,76446
70900,3,16100
70950,1,77968
70950,2,82172
70950,1,16496
71000,2,137
71000,3,80
71000,2,75
71050,1,115
71050,2,78742
71050,3,137
71100,3,91
71100,3,146
71100,3,118
71150,3,165
71150,3,120
71150,3,103
71200,2,83723
71200,1,81
71200,1,105
71250,2,94
71250,3,148
71250,3,76624
71300,1,100
71300,3,76375
71300,1,75584
71350,2,110
71350,3,77
71350,1,81244
71400,3,149
71400,2,18331
71400,3,80566
71450,3,106
71450,2,15974
71450,1,15602
71500,1,97
71500,2,88
71500,2,109
71550,3,79
71550,2,118
71550,3,119
71600,2,17381
71600,2,16669
71600,3,129
71650,3,16265
71650,1,83069
71650,3,124
71700,1,16457
71700,3,97
71700,1,116
71750,3,121
71750,1,81137
71750,3,106
71800,1,97
71800,1,114
71800,3,155
71850,1,16504
71850,1,73
71850,1,65
71900,2,18433
71900,2,128
71900,2,116
71950,2,75084
71950,1,118
71950,1,120
72000,2,78511
72000,2,80
72000,2,17431
72050,1,161
72050,3,150
72050,2,84
72100,1,125
72100,2,152
72100,3,75268
72150,2,131
72150,3,16591
72150,3,15556
72200,1,77775
72200,3,93
72200,1,117
72250,2,127
72250,2,16302
72250,2,115
72300,1,16747
72300,3,83
72300,3,70
72350,1,82418
72350,1,17465
72350,2,81887
72400,1,16718
72400,2,83191
72400,2,16697
72450,1,78555
72450,2,91
72450,3,77
72500,1,132
72500,2,73
72500,1,17168
72550,1,16952
72550,3,15744
72550,3,83549
